Workbook
Name jenjang: REFERENSI!$L$5:$L$11

Sheet MENU
D5: YAYASAN PONDOK PESANTREN
D6: QOMARUL HIDAYAH TRENGGALEK
D7: AKTE NOTARIS: KAYUN WIDIHARSONO,S.H,M.Kn NOMOR: 09 TAHUN 2014
D8: SK MENKUMHAN RI NOMOR: C-598.HT.03.01-2014
D9: ALAMAT : JL. PONOROGO, GONDANG, TUGU,TRENGGALEK KP. 66352 TELP. (0355) 792631

Sheet Form Kepegawaian
B1: DAFTAR ISIAN
A2: BUKU INDUK GURU / KARYAWAN
A3: YAYASAN PONODK PESANTREN QOMARUL HIDAYAH TUGU TRENGGALEK
B5: 1. | C5: N a m a | J5: :
B7: 2. | C7: Gelar | J7: : | K7: Depan | U7: Belakang
B9: 3. | C9: N I P | E9: / | F9: NIGY | J9: :
B11: 4. | C11: Tempat / Tgl. Lahir | J11: : | U11: Tgl. | Y11: Bln. | AC11: Thn.
B13: 5. | C13: Agama | J13: : | K13: I | L13: S | M13: L | N13: A | O13: M
B15: 6. | C15: Alamat | J15: :
Y17: Rt. | AC17: Rw.
B19: 7. | C19: Status rumah | J19: : | K19: Milik sendiri / Kontrak / sewa / numpang / rumah dinas *)
B21: 8. | C21: Status PNS | J21: : | M21: PNS | U21: NON PNS
B23: 9. | C23: Pangkat / Gol (PNS) | J23: : | K23: ………………………………………………………………
B25: 10. | C25: T M T Tendik / KPD | J25: : | K25: Tgl | O25: Bulan | T25: Tahun
K26: Ket. PNS = Tgl. SK Capeg Non PNS = Tgl. Pertama jadi guru
B28: 11. | C28: T M T di Yayasan | J28: : | K28: Tgl | O28: Bulan | T28: Tahun
B30: 12. | C30: T M T di Satker | J30: : | K30: Tgl | O30: Bulan | T30: Tahun
B32: 13. | C32: Sertifikasi | J32: : | L32: Sudah, Tahun | X32: Belum
B34: 14. | C34: NUPTK | J34: :
B36: 15. | C36: NRG | J36: :
B38: 15. | C38: Status Inpassing | J38: : | M38: 1 | N38: Sudah | Q38: 2 | R38: Belum | U38: No SK
K40: Intansi yang menerbitkan
B42: 14. | C42: Pend. Terakhir | J42: : | N42: Jurusan
B44: 15 | C44: Nama Perguruan Tinggi | J44: :
B48: 16. | C48: Mengajar mata pelajaran | J48: :
B50: 17. | C50: Jabatan | J50: : | L50: Kasek | Q50: Wakasek | W50: Guru
B52: 18. | C52: Status Jabatan | J52: : | K52: Tetap / Honorer )*
B54: 19. | C54: Riwayat Pendidikan
B55: No. | C55: Tingkat | H55: Jurusan | R55: Ijazah Tahun | Y55: Tempat
B56: 1.
B57: 2.
B58: 3.
B59: 4.
B60: 5.
B61: 6.
B62: 7.
B64: 20. | C64: Riwayat Pekerjaan
B65: No. | C65: Surat Keputusan | P65: Gaji Pokok | U65: Terhitung | AA65: Masa Kerja
C66: Yayasan/Intansi | H66: Tgl. | L66: Nomor | U66: Mulai | X66: Sampai | AA66: Tahun | AD66: Bulan
B67: 1.
B68: 2.
B69: 3.
B70: 4.
B71: 5.
B72: 6.
B73: 7.
B74: 8.
B75: 9.
B76: 10.
B78: 21. | C78: Susunan Keluarga | J78: :
B79: N A M A | N79: Tempat. Tgl. Lahir | Y79: Pekerjaan
B80: Ayah | E80: :
B81: Ibu | E81: :
B82: Suami | E82: :
B83: Istri | E83: :
B84: Anak 1 | E84: :
B85: Anak 2 | E85: :
B86: Anak 3 | E86: :
B87: Anak 4 | E87: :
B88: Anak 5 | E88: :
B90: 22. | C90: Kursus / Penataran / Latihan di dalam dan luar negeri
B91: No. | C91: Jenis | H91: Tempat | O91: Lamanya | X91: Tingkat
O92: Tahun | R92: Bulan | U92: Hari
B93: 1.
B94: 2.
B95: 3.
B96: 4.
B97: 5.
B98: 6.
B99: 7.
B100: 8.
B101: 9.
B103: 23. | C103: Pernah Mengajar Mata Pelajaran
B104: No. | C104: Mata Pelajaran | L104: Jenis Sekolah | V104: Kelas | Z104: Tahun
B105: 1.
B106: 2.
B107: 3.
B108: 4.
B109: 5.
B111: 24. | C111: Pengalaman Kerja selain mengajar (formal dan non formal)
B112: No. | C112: Tempat | O112: Dari th. s.d. th. | V112: Tugas
B113: 1.
B114: 2.
B115: 3.
B116: 4.
B117: 5.
B120: 25. | C120: Organisasi
B121: No. | C121: Nama Organisasi | P121: Jabatan | U121: Th. s.d Th. | AA121: Tempat
B122: 1.
B123: 2.
B124: 3.
B125: 4.
B126: 5.
B129: 28. | C129: Bekerja di tempat lain | J129: : | K129: 1. | L129: ……………………………………………………………………………………………
K130: 2. | L130: ……………………………………………………………………………………………
B132: 29. | C132: Keterangan Fisik | J132: : | K132: Tinggi | M132: …………… | P132: cm. | R132: Berat | T132: ………….. | W132: kg. | Y132: Muka : | AA132: ……………
K134: Rambut : | N134: ……………….. | S134: Gol. Darah : | W134: …………………….
K136: Sakit yang pernah di derita
K137: 1. ………………………………………………………………………………
K138: 2. ………………………………………………………………………………
...

Sheet ENTRI
B2: Tanggal entri Data
B3: Tanggal | D3: Bulan | E3: Tahun
B4: 14 | D4: Juli | E4: 2025
A5: NO | B5: SATKER | C5: KODE | D5: DUK | E5: STATUS | F5: KODE | G5: NAMA | H5: NIGY | I5: TEMPAT TANGGAL LAHIR | V5: MASA KERJA | X5: PENDIDIKAN TERAKIR | AA5: INPASSING | AE5: TUGAS UTAMA | AJ5: SERTIFIKASI | AM5: NUPTK
N6: TMT YAYASAN | Q6: TMT SATKER | V6: SELURUHNYA (TAHUN0 | W6: DI SATKER (TAHUN) | BF6: 01 | BG6: - | BK6: Kepala Sekolah | BL6: 18
I7: TEMPAT | J7: TANGGAL | K7: BULAN | L7: TAHUN | N7: Tanggal | O7: Bulan | P7: Tahun | Q7: Tanggal | R7: Bulan | S7: Tahun | T7: Tahun | U7: Tahun | X7: JENJANG | Y7: JURUSAN | Z7: TAHUN LULUS | AA7: STATUS | AB7: JABATAN | AC7: PANGKAT | AD7: GOLONGAN | AE7: MENGAJAR | AF7: JTM | AG7: TUGAS TAMBAHAN | AH7: EKUIVALEN | AI7: JML BEBAN KERJA | AJ7: STATUS | AK7: TAHUN LULUS | AL7: NRG | BF7: 02 | BG7: 1940 | BK7: Kepala Madrasah | BL7: 18
A8: 1 | B8: RA | C8: =IFERROR(VLOOKUP(B8,REFERENSI!$C$6:$D$15,2,FALSE)," ") -> 02 | E8: Guru | F8: =IFERROR(VLOOKUP(E8,REFERENSI!$F$5:$G$6,2,FALSE)," ") -> 01 | G8: Hj.AZ.MUTIATUN,A.Ma | H8: =IFERROR((M8&" "&P8&O8&" "&C8&" "&F8&" "&D8)," ") -> 19410413 200107 02 01 | I8: Trenggalek | J8: 13 | K8: 04 | L8: 1941 | M8: =L8&K8&J8 -> 19410413 | N8: 01 | O8: 07 | P8: 2001 | Q8: 01 | R8: 07 | S8: 2001 | T8: =IFERROR(($E$4-S8)," ") -> 24 | U8: =$E$4-P8 -> 24 | V8: =IF(U8=$E$4," ",U8) -> 24 | W8: =IF(T8=$E$4," ",T8) -> 24 | X8: D II | Y8: PAI | Z8: 1995 | AA8: BELUM | AC8: =IFERROR(VLOOKUP(AD8,REFERENSI!$H$5:$I$13,2,FALSE)," ") | AE8: Guru Kelas | AF8: 0 | AG8: Kepala Sekolah | AH8: =VLOOKUP(AG8,$BK$6:$BL$19,2,FALSE) -> 18 | AI8: =IFERROR((AF8+AH8)," ") -> 18 | AJ8: BELUM | AM8: - | BF8: 03 | BG8: 1941 | BK8: Waka Kurikulum | BL8: 12
A9: 2 | B9: RA | C9: =IFERROR(VLOOKUP(B9,REFERENSI!$C$6:$D$15,2,FALSE)," ") -> 02 | E9: Guru | F9: =IFERROR(VLOOKUP(E9,REFERENSI!$F$5:$G$6,2,FALSE)," ") -> 01 | G9: RINA WIJAYANTI,S.Pd.I | H9: =IFERROR((M9&" "&P9&O9&" "&C9&" "&F9&" "&D9)," ") -> 19850425 200307 02 01 | I9: Trenggalek | J9: 25 | K9: 04 | L9: 1985 | M9: =L9&K9&J9 -> 19850425 | N9: 01 | O9: 07 | P9: 2003 | Q9: 01 | R9: 07 | S9: 2003 | T9: =IFERROR(($E$4-S9)," ") -> 22 | U9: =$E$4-P9 -> 22 | V9: =IF(U9=$E$4," ",U9) -> 22 | W9: =IF(T9=$E$4," ",T9) -> 22 | X9: S1 | Y9: PAI | Z9: 2008 | AA9: SUDAH | AB9: GURU PERTAMA | AC9: =IFERROR(VLOOKUP(AD9,REFERENSI!$H$5:$I$13,2,FALSE)," ") -> PENATA MUDA | AD9: III A | AE9: Guru Kelas | AF9: 30 | AG9: - | AH9: =VLOOKUP(AG9,$BK$6:$BL$19,2,FALSE) -> - | AI9: =IFERROR((AF9+AH9)," ") | AJ9: SUDAH | AK9: 2014 | AM9: 4757763664300032 | BF9: 04 | BG9: 1942 | BK9: Waka Kesiswaan | BL9: 12
A10: 3 | B10: RA | C10: =IFERROR(VLOOKUP(B10,REFERENSI!$C$6:$D$15,2,FALSE)," ") -> 02 | E10: Guru | F10: =IFERROR(VLOOKUP(E10,REFERENSI!$F$5:$G$6,2,FALSE)," ") -> 01 | G10: HIDAYATUL LAILI,S.Ag | H10: =IFERROR((M10&" "&P10&O10&" "&C10&" "&F10&" "&D10)," ") -> 19731025 200501 02 01 | I10: Trenggalek | J10: 25 | K10: 10 | L10: 1973 | M10: =L10&K10&J10 -> 19731025 | N10: 02 | O10: 01 | P10: 2005 | Q10: 02 | R10: 01 | S10: 2005 | T10: =$E$4-S10 -> 20 | U10: =$E$4-P10 -> 20 | V10: =IF(U10=$E$4," ",U10) -> 20 | W10: =IF(T10=$E$4," ",T10) -> 20 | X10: S1 | Y10: PAI | Z10: 1995 | AA10: SUDAH | AB10: GURU MADYA | AC10: =IFERROR(VLOOKUP(AD10,REFERENSI!$H$5:$I$13,2,FALSE)," ") -> PENATA MUDA TK. I | AD10: III B | AE10: Guru Kelas | AF10: 30 | AG10: - | AH10: =VLOOKUP(AG10,$BK$6:$BL$19,2,FALSE) -> - | AI10: =IFERROR((AF10+AH10)," ") | AJ10: SUDAH | AK10: 2012 | AL10: 120212191003 | AM10: 1357751652300013 | BF10: 05 | BG10: 1943 | BK10: Waka Sarana Prasarana | BL10: 12
A11: 4 | B11: RA | C11: =IFERROR(VLOOKUP(B11,REFERENSI!$C$6:$D$15,2,FALSE)," ") -> 02 | E11: Guru | F11: =IFERROR(VLOOKUP(E11,REFERENSI!$F$5:$G$6,2,FALSE)," ") -> 01 | G11: RENI FARICHA ARIANI,S.Pd.I | H11: =IFERROR((M11&" "&P11&O11&" "&C11&" "&F11&" "&D11)," ") -> 19850116 200607 02 01 | I11: Trenggalek | J11: 16 | K11: 01 | L11: 1985 | M11: =L11&K11&J11 -> 19850116 | N11: 01 | O11: 07 | P11: 2006 | Q11: 01 | R11: 07 | S11: 2006 | T11: =$E$4-S11 -> 19 | U11: =$E$4-P11 -> 19 | V11: =IF(U11=$E$4," ",U11) -> 19 | W11: =IF(T11=$E$4," ",T11) -> 19 | X11: S1 | Y11: PGMI | Z11: 2012 | AA11: BELUM | AC11: =IFERROR(VLOOKUP(AD11,REFERENSI!$H$5:$I$13,2,FALSE)," ") | AE11: Guru Kelas | AF11: 30 | AG11: - | AH11: =VLOOKUP(AG11,$BK$6:$BL$19,2,FALSE) -> - | AI11: =IFERROR((AF11+AH11)," ") | AJ11: BELUM | AM11: 3448763664300032 | BF11: 06 | BG11: 1944 | BK11: Waka Humas | BL11: 12
A12: 5 | B12: PAUD | C12: =IFERROR(VLOOKUP(B12,REFERENSI!$C$6:$D$15,2,FALSE)," ") -> 01 | E12: Guru | F12: =IFERROR(VLOOKUP(E12,REFERENSI!$F$5:$G$6,2,FALSE)," ") -> 01 | G12: ISTIQOMAH | H12: =IFERROR((M12&" "&P12&O12&" "&C12&" "&F12&" "&D12)," ") -> 19830614 200707 01 01 | I12: Trenggalek | J12: 14 | K12: 06 | L12: 1983 | M12: =L12&K12&J12 -> 19830614 | N12: 16 | O12: 07 | P12: 2007 | Q12: 16 | R12: 07 | S12: 2007 | T12: =$E$4-S12 -> 18 | U12: =$E$4-P12 -> 18 | V12: =IF(U12=$E$4," ",U12) -> 18 | W12: =IF(T12=$E$4," ",T12) -> 18 | X12: S1 | Y12: PAUD | Z12: 2002 | AA12: BELUM | AB12: GURU PERTAMA | AC12: =IFERROR(VLOOKUP(AD12,REFERENSI!$H$5:$I$13,2,FALSE)," ") | AE12: Guru sentra | AF12: 26 | AG12: - | AH12: =VLOOKUP(AG12,$BK$6:$BL$19,2,FALSE) -> - | AI12: =IFERROR((AF12+AH12)," ") | AJ12: SUDAH | AK12: 2010 | AL12: 021389407006 | AM12: 1641746650300012 | BF12: 07 | BG12: 1945 | BK12: Kepala Lab. IPA | BL12: 12
A13: 6 | B13: PAUD | C13: =IFERROR(VLOOKUP(B13,REFERENSI!$C$6:$D$15,2,FALSE)," ") -> 01 | E13: Guru | F13: =IFERROR(VLOOKUP(E13,REFERENSI!$F$5:$G$6,2,FALSE)," ") -> 01 | G13: IKA SULISTIOWATI | H13: =IFERROR((M13&" "&P13&O13&" "&C13&" "&F13&" "&D13)," ") -> 19851023 200807 01 01 | I13: Trenggalek | J13: 23 | K13: 10 | L13: 1985 | M13: =L13&K13&J13 -> 19851023 | N13: 14 | O13: 07 | P13: 2008 | Q13: 14 | R13: 07 | S13: 2008 | T13: =$E$4-S13 -> 17 | U13: =$E$4-P13 -> 17 | V13: =IF(U13=$E$4," ",U13) -> 17 | W13: =IF(T13=$E$4," ",T13) -> 17 | X13: S1 | Y13: B.INGGRIS | Z13: 2010 | AA13: BELUM | AB13: GURU PERTAMA | AC13: =IFERROR(VLOOKUP(AD13,REFERENSI!$H$5:$I$13,2,FALSE)," ") | AE13: Guru sentra | AF13: 25 | AG13: - | AH13: =VLOOKUP(AG13,$BK$6:$BL$19,2,FALSE) -> - | AI13: =IFERROR((AF13+AH13)," ") | AJ13: SUDAH | AK13: 2009 | AL13: 091535962003 | AM13: 4538757658300060 | BF13: 08 | BG13: 1946 | BK13: Kepala Lab. Bahasa | BL13: 12
A14: 7 | B14: PAUD | C14: =IFERROR(VLOOKUP(B14,REFERENSI!$C$6:$D$15,2,FALSE)," ") -> 01 | E14: Tenaga Kependidikan | F14: =IFERROR(VLOOKUP(E14,REFERENSI!$F$5:$G$6,2,FALSE)," ") -> 02 | G14: SITI MAESAROH | H14: =IFERROR((M14&" "&P14&O14&" "&C14&" "&F14&" "&D14)," ") -> 19840707 201307 01 02 | I14: Trenggalek | J14: 07 | K14: 07 | L14: 1984 | M14: =L14&K14&J14 -> 19840707 | N14: 08 | O14: 07 | P14: 2013 | Q14: 08 | R14: 07 | S14: 2013 | T14: =$E$4-S14 -> 12 | U14: =$E$4-P14 -> 12 | V14: =IF(U14=$E$4," ",U14) -> 12 | W14: =IF(T14=$E$4," ",T14) -> 12 | X14: SLTA | Y14: SK | Z14: 2003 | AA14: BELUM | AB14: GURU PERTAMA | AC14: =IFERROR(VLOOKUP(AD14,REFERENSI!$H$5:$I$13,2,FALSE)," ") | AE14: Guru sentra | AF14: 25 | AG14: - | AH14: =VLOOKUP(AG14,$BK$6:$BL$19,2,FALSE) -> - | AI14: =IFERROR((AF14+AH14)," ") | AJ14: SUDAH | AK14: 2012 | AL14: 122172183005 | AM14: 4433758659300190 | BF14: 09 | BG14: 1947 | BK14: Kepala Lab. Komputer | BL14: 12
A15: 8 | B15: MI | C15: =IFERROR(VLOOKUP(B15,REFERENSI!$C$6:$D$15,2,FALSE)," ") -> 03 | D15: 67 | E15: Guru | F15: =IFERROR(VLOOKUP(E15,REFERENSI!$F$5:$G$6,2,FALSE)," ") -> 01 | G15: SITI CHOIRIYAH,S.Pd.I | H15: =IFERROR((M15&" "&P15&O15&" "&C15&" "&F15&" "&D15)," ") -> 19680903 199507 03 01 67 | I15: Trenggalek | J15: 03 | K15: 09 | L15: 1968 | M15: =L15&K15&J15 -> 19680903 | N15: 05 | O15: 07 | P15: 1995 | Q15: 05 | R15: 07 | S15: 1995 | T15: =$E$4-S15 -> 30 | U15: =$E$4-P15 -> 30 | V15: =IF(U15=$E$4," ",U15) -> 30 | W15: =IF(T15=$E$4," ",T15) -> 30 | X15: S1 | Y15: PAI | Z15: 2009 | AA15: SUDAH | AB15: GURU DEWASA | AC15: =IFERROR(VLOOKUP(AD15,REFERENSI!$H$5:$I$13,2,FALSE)," ") -> PENATA | AD15: III C | AE15: Guru Kelas | AF15: 26 | AG15: - | AH15: =VLOOKUP(AG15,$BK$6:$BL$19,2,FALSE) -> - | AI15: =IFERROR((AF15+AH15)," ") | AJ15: BELUM | AM15: 6858764666200002 | BF15: 10 | BG15: 1948 | BK15: Kepala Lab. Produksi | BL15: 12
A16: 9 | B16: MI | C16: =IFERROR(VLOOKUP(B16,REFERENSI!$C$6:$D$15,2,FALSE)," ") -> 03 | D16: 01 | E16: Guru | F16: =IFERROR(VLOOKUP(E16,REFERENSI!$F$5:$G$6,2,FALSE)," ") -> 01 | G16: IMMAROTUS SA'ADAH,S.Pd.I | H16: =IFERROR((M16&" "&P16&O16&" "&C16&" "&F16&" "&D16)," ") -> 19790602 200007 03 01 01 | I16: Trenggalek | J16: 02 | K16: 06 | L16: 1979 | M16: =L16&K16&J16 -> 19790602 | N16: 01 | O16: 07 | P16: 2000 | Q16: 01 | R16: 07 | S16: 2000 | T16: =$E$4-S16 -> 25 | U16: =$E$4-P16 -> 25 | V16: =IF(U16=$E$4," ",U16) -> 25 | W16: =IF(T16=$E$4," ",T16) -> 25 | X16: S1 | Y16: PAI | Z16: 2004 | AA16: SUDAH | AB16: GURU PERTAMA | AC16: =IFERROR(VLOOKUP(AD16,REFERENSI!$H$5:$I$13,2,FALSE)," ") -> PENATA MUDA TK. I | AD16: III B | AE16: Guru Kelas | AF16: 25 | AG16: - | AH16: =VLOOKUP(AG16,$BK$6:$BL$19,2,FALSE) -> - | AI16: =IFERROR((AF16+AH16)," ") | AJ16: BELUM | AM16: 4444766668110012 | BF16: 11 | BG16: 1949 | BK16: Kepala Perpustakaan | BL16: 12
A17: 10 | B17: MI | C17: =IFERROR(VLOOKUP(B17,REFERENSI!$C$6:$D$15,2,FALSE)," ") -> 03 | D17: 11 | E17: Guru | F17: =IFERROR(VLOOKUP(E17,REFERENSI!$F$5:$G$6,2,FALSE)," ") -> 01 | G17: NAILI ROHMAH,S.E | H17: =IFERROR((M17&" "&P17&O17&" "&C17&" "&F17&" "&D17)," ") -> 19800101 200507 03 01 11 | I17: Trenggalek | J17: 01 | K17: 01 | L17: 1980 | M17: =L17&K17&J17 -> 19800101 | N17: 11 | O17: 07 | P17: 2005 | Q17: 11 | R17: 07 | S17: 2005 | T17: =$E$4-S17 -> 20 | U17: =$E$4-P17 -> 20 | V17: =IF(U17=$E$4," ",U17) -> 20 | W17: =IF(T17=$E$4," ",T17) -> 20 | X17: S1 | Y17: AKUNTASI | Z17: 2003 | AA17: SUDAH | AB17: GURU MADYA | AC17: =IFERROR(VLOOKUP(AD17,REFERENSI!$H$5:$I$13,2,FALSE)," ") -> PENATA MUDA TK. I | AD17: III B | AE17: Guru Kelas | AF17: 26 | AG17: - | AH17: =VLOOKUP(AG17,$BK$6:$BL$19,2,FALSE) -> - | AI17: =IFERROR((AF17+AH17)," ") | AJ17: BELUM | AM17: 20541857191001 | BF17: 12 | BG17: 1950 | BK17: Kepala Bengkel | BL17: 12
A18: 11 | B18: MI | C18: =IFERROR(VLOOKUP(B18,REFERENSI!$C$6:$D$15,2,FALSE)," ") -> 03 | D18: 24 | E18: Guru | F18: =IFERROR(VLOOKUP(E18,REFERENSI!$F$5:$G$6,2,FALSE)," ") -> 01 | G18: DUKAN KHOIRI,S.Pd.I | H18: =IFERROR((M18&" "&P18&O18&" "&C18&" "&F18&" "&D18)," ") -> 19860526 200509 03 01 24 | I18: Trenggalek | J18: 26 | K18: 05 | L18: 1986 | M18: =L18&K18&J18 -> 19860526 | N18: 01 | O18: 09 | P18: 2005 | Q18: 01 | R18: 09 | S18: 2005 | T18: =$E$4-S18 -> 20 | U18: =$E$4-P18 -> 20 | V18: =IF(U18=$E$4," ",U18) -> 20 | W18: =IF(T18=$E$4," ",T18) -> 20 | X18: S1 | Y18: PAI | Z18: 2010 | AA18: BELUM | AC18: =IFERROR(VLOOKUP(AD18,REFERENSI!$H$5:$I$13,2,FALSE)," ") | AE18: GURU KELAS AGAMA | AF18: 26 | AG18: - | AH18: =VLOOKUP(AG18,$BK$6:$BL$19,2,FALSE) -> - | AI18: =IFERROR((AF18+AH18)," ") | AJ18: BELUM | AM18: 20541857189001 | BF18: 13 | BG18: 1951 | BK18: Kepala Tata Usaha | BL18: -
A19: 12 | B19: MTs | C19: =IFERROR(VLOOKUP(B19,REFERENSI!$C$6:$D$15,2,FALSE)," ") -> 04 | D19: 01 | E19: Guru | F19: =IFERROR(VLOOKUP(E19,REFERENSI!$F$5:$G$6,2,FALSE)," ") -> 01 | G19: RION ADI WIJAYA,S.Pd | H19: =IFERROR((M19&" "&P19&O19&" "&C19&" "&F19&" "&D19)," ") -> 19880112 200807 04 01 01 | I19: Trenggalek | J19: 12 | K19: 01 | L19: 1988 | M19: =L19&K19&J19 -> 19880112 | N19: 01 | O19: 07 | P19: 2008 | Q19: 01 | R19: 07 | S19: 2020 | T19: =$E$4-S19 -> 5 | U19: =$E$4-P19 -> 17 | V19: =IF(U19=$E$4," ",U19) -> 17 | W19: =IF(T19=$E$4," ",T19) -> 5 | X19: S1 | Y19: PBS/PBSI | Z19: 2013 | AA19: BELUM | AC19: =IFERROR(VLOOKUP(AD19,REFERENSI!$H$5:$I$13,2,FALSE)," ") | AE19: GURU PENJASKES | AF19: 24 | AG19: - | AH19: =VLOOKUP(AG19,$BK$6:$BL$19,2,FALSE) -> - | AI19: =IFERROR((AF19+AH19)," ") | AM19: 20541857187001 | BF19: 14 | BG19: 1952 | BK19: - | BL19: -
A20: 14 | B20: MI | C20: =IFERROR(VLOOKUP(B20,REFERENSI!$C$6:$D$15,2,FALSE)," ") -> 03 | D20: 01 | E20: Guru | F20: =IFERROR(VLOOKUP(E20,REFERENSI!$F$5:$G$6,2,FALSE)," ") -> 01 | G20: SITI SHOLIKAH,S.Pd | H20: =IFERROR((M20&" "&P20&O20&" "&C20&" "&F20&" "&D20)," ") -> 19890205 201110 03 01 01 | I20: Trenggalek | J20: 05 | K20: 02 | L20: 1989 | M20: =L20&K20&J20 -> 19890205 | N20: 01 | O20: 10 | P20: 2011 | Q20: 01 | R20: 10 | S20: 2011 | T20: =$E$4-S20 -> 14 | U20: =$E$4-P20 -> 14 | V20: =IF(U20=$E$4," ",U20) -> 14 | W20: =IF(T20=$E$4," ",T20) -> 14 | X20: S1 | Y20: PBS/PBSI | Z20: 2012 | AA20: BELUM | AC20: =IFERROR(VLOOKUP(AD20,REFERENSI!$H$5:$I$13,2,FALSE)," ") | AG20: - | AH20: =VLOOKUP(AG20,$BK$6:$BL$19,2,FALSE) -> - | AI20: =IFERROR((AF20+AH20)," ") | AJ20: BELUM | AM20: 6363763665120003 | BF20: 15 | BG20: 1954
A21: 17 | B21: MI | C21: =IFERROR(VLOOKUP(B21,REFERENSI!$C$6:$D$15,2,FALSE)," ") -> 03 | D21: 01 | E21: Guru | F21: =IFERROR(VLOOKUP(E21,REFERENSI!$F$5:$G$6,2,FALSE)," ") -> 01 | G21: MUSTANGIN,S.Pd.I | H21: =IFERROR((M21&" "&P21&O21&" "&C21&" "&F21&" "&D21)," ") -> 19851031 201001 03 01 01 | I21: Trenggalek | J21: 31 | K21: 10 | L21: 1985 | M21: =L21&K21&J21 -> 19851031 | N21: 01 | O21: 01 | P21: 2010 | Q21: 01 | R21: 01 | S21: 2010 | T21: =$E$4-S21 -> 15 | U21: =$E$4-P21 -> 15 | V21: =IF(U21=$E$4," ",U21) -> 15 | W21: =IF(T21=$E$4," ",T21) -> 15 | X21: S1 | Y21: PAI | Z21: 2012 | AA21: BELUM | AC21: =IFERROR(VLOOKUP(AD21,REFERENSI!$H$5:$I$13,2,FALSE)," ") | AE21: GURU AGAMA | AF21: 24 | AG21: - | AH21: =VLOOKUP(AG21,$BK$6:$BL$19,2,FALSE) -> - | AI21: =IFERROR((AF21+AH21)," ") | AJ21: SUDAH | AK21: 2009 | AL21: 091535962003 | AM21: 4538757658300062 | BF21: 16 | BG21: 1957
A22: 19 | B22: MI | C22: =IFERROR(VLOOKUP(B22,REFERENSI!$C$6:$D$15,2,FALSE)," ") -> 03 | D22: 81 | E22: Guru | F22: =IFERROR(VLOOKUP(E22,REFERENSI!$F$5:$G$6,2,FALSE)," ") -> 01 | G22: ENDANG SUMARSIH,S.Pd.I | H22: =IFERROR((M22&" "&P22&O22&" "&C22&" "&F22&" "&D22)," ") -> 19800506 200407 03 01 81 | I22: Tulung agung | J22: 06 | K22: 05 | L22: 1980 | M22: =L22&K22&J22 -> 19800506 | N22: 18 | O22: 07 | P22: 2004 | Q22: 18 | R22: 07 | S22: 2004 | T22: =$E$4-S22 -> 21 | U22: =$E$4-P22 -> 21 | V22: =IF(U22=$E$4," ",U22) -> 21 | W22: =IF(T22=$E$4," ",T22) -> 21 | X22: S1 | Y22: PAI | Z22: 2004 | AA22: BELUM | AC22: =IFERROR(VLOOKUP(AD22,REFERENSI!$H$5:$I$13,2,FALSE)," ") | AF22: 25 | AG22: - | AH22: =VLOOKUP(AG22,$BK$6:$BL$19,2,FALSE) -> - | AI22: =IFERROR((AF22+AH22)," ") | AJ22: SUDAH | AK22: 2009 | AL22: 095021192809 | AM22: 4435751652200022 | BF22: 17 | BG22: 1959
A23: 20 | B23: MI | C23: =IFERROR(VLOOKUP(B23,REFERENSI!$C$6:$D$15,2,FALSE)," ") -> 03 | D23: 01 | E23: Guru | F23: =IFERROR(VLOOKUP(E23,REFERENSI!$F$5:$G$6,2,FALSE)," ") -> 01 | G23: NUZULUL MUKAROMAH,S.Pd.I | H23: =IFERROR((M23&" "&P23&O23&" "&C23&" "&F23&" "&D23)," ") -> 19861005 200509 03 01 01 | I23: Trenggalek | J23: 05 | K23: 10 | L23: 1986 | M23: =L23&K23&J23 -> 19861005 | N23: 01 | O23: 09 | P23: 2005 | Q23: 01 | R23: 09 | S23: 2005 | T23: =$E$4-S23 -> 20 | U23: =$E$4-P23 -> 20 | V23: =IF(U23=$E$4," ",U23) -> 20 | W23: =IF(T23=$E$4," ",T23) -> 20 | X23: S1 | Y23: PAI | Z23: 2005 | AA23: BELUM | AC23: =IFERROR(VLOOKUP(AD23,REFERENSI!$H$5:$I$13,2,FALSE)," ") | AG23: - | AH23: =VLOOKUP(AG23,$BK$6:$BL$19,2,FALSE) -> - | AI23: =IFERROR((AF23+AH23)," ") | BF23: 18 | BG23: 1961
A24: 21 | B24: MI | C24: =IFERROR(VLOOKUP(B24,REFERENSI!$C$6:$D$15,2,FALSE)," ") -> 03 | D24: 66 | E24: Guru | F24: =IFERROR(VLOOKUP(E24,REFERENSI!$F$5:$G$6,2,FALSE)," ") -> 01 | G24: KHOIRUL BAHRI,S.Pd | H24: =IFERROR((M24&" "&P24&O24&" "&C24&" "&F24&" "&D24)," ") -> 19730301 200007 03 01 66 | I24: Trenggalek | J24: 01 | K24: 03 | L24: 1973 | M24: =L24&K24&J24 -> 19730301 | N24: 01 | O24: 07 | P24: 2000 | Q24: 01 | R24: 07 | S24: 2000 | T24: =$E$4-S24 -> 25 | U24: =$E$4-P24 -> 25 | V24: =IF(U24=$E$4," ",U24) -> 25 | W24: =IF(T24=$E$4," ",T24) -> 25 | X24: S1 | Y24: PIPS/PKN | AA24: SUDAH | AC24: =IFERROR(VLOOKUP(AD24,REFERENSI!$H$5:$I$13,2,FALSE)," ") | AF24: 26 | AG24: - | AH24: =VLOOKUP(AG24,$BK$6:$BL$19,2,FALSE) -> - | AI24: =IFERROR((AF24+AH24)," ") | BF24: 19 | BG24: 1962
A25: 22 | B25: MTs | C25: =IFERROR(VLOOKUP(B25,REFERENSI!$C$6:$D$15,2,FALSE)," ") -> 04 | D25: 57 | E25: Kepala Madrasah | F25: =IFERROR(VLOOKUP(E25,REFERENSI!$F$5:$G$6,2,FALSE)," ") | G25: H. SYAIFUL MAHBUB, S.Sy | H25: =IFERROR((M25&" "&P25&O25&" "&C25&" "&F25&" "&D25)," ") -> 19860214 201407 04 57 | I25: Trenggalek | J25: 14 | K25: 02 | L25: 1986 | M25: =L25&K25&J25 -> 19860214 | N25: 16 | O25: 07 | P25: 2014 | Q25: 16 | R25: 07 | S25: 2014 | T25: =$E$4-S25 -> 11 | U25: =$E$4-P25 -> 11 | V25: =IF(U25=$E$4," ",U25) -> 11 | W25: =IF(T25=$E$4," ",T25) -> 11 | X25: S1 | Y25: Syariah | Z25: 2013 | AA25: BELUM | AC25: =IFERROR(VLOOKUP(AD25,REFERENSI!$H$5:$I$13,2,FALSE)," ") | AE25: Aswaja | AG25: Kepala Madrasah | AH25: =VLOOKUP(AG25,$BK$6:$BL$19,2,FALSE) -> 18 | AI25: =IFERROR((AF25+AH25)," ") -> 18 | AJ25: BELUM | AM25: 20542411186001 | BF25: 20 | BG25: 1963
A26: 23 | B26: MTs | C26: =IFERROR(VLOOKUP(B26,REFERENSI!$C$6:$D$15,2,FALSE)," ") -> 04 | D26: 26 | E26: Guru | F26: =IFERROR(VLOOKUP(E26,REFERENSI!$F$5:$G$6,2,FALSE)," ") -> 01 | G26: INDRA GUNAWAN,S.Pd.I | H26: =IFERROR((M26&" "&P26&O26&" "&C26&" "&F26&" "&D26)," ") -> 19891129 201007 04 01 26 | I26: Trenggalek | J26: 29 | K26: 11 | L26: 1989 | M26: =L26&K26&J26 -> 19891129 | N26: 12 | O26: 07 | P26: 2010 | Q26: 12 | R26: 07 | S26: 2010 | T26: =$E$4-S26 -> 15 | U26: =$E$4-P26 -> 15 | V26: =IF(U26=$E$4," ",U26) -> 15 | W26: =IF(T26=$E$4," ",T26) -> 15 | X26: S1 | Y26: Pendidikan Agama Islam | Z26: 2015 | AA26: BELUM | AC26: =IFERROR(VLOOKUP(AD26,REFERENSI!$H$5:$I$13,2,FALSE)," ") | AE26: Aswaja | AF26: 7 | AG26: Kepala Tata Usaha | AH26: =VLOOKUP(AG26,$BK$6:$BL$19,2,FALSE) -> - | AI26: =IFERROR((AF26+AH26)," ") | AJ26: BELUM | AK26: - | AL26: - | AM26: 20542411189001 | BF26: 21 | BG26: 1964
A27: 24 | B27: MTs | C27: =IFERROR(VLOOKUP(B27,REFERENSI!$C$6:$D$15,2,FALSE)," ") -> 04 | D27: 95 | E27: Guru | F27: =IFERROR(VLOOKUP(E27,REFERENSI!$F$5:$G$6,2,FALSE)," ") -> 01 | G27: SUGENG SUPRAYOGO, S.Pd | H27: =IFERROR((M27&" "&P27&O27&" "&C27&" "&F27&" "&D27)," ") -> 19830428 200507 04 01 95 | I27: Trenggalek | J27: 28 | K27: 04 | L27: 1983 | M27: =L27&K27&J27 -> 19830428 | N27: 18 | O27: 07 | P27: 2005 | Q27: 18 | R27: 07 | S27: 2005 | T27: =$E$4-S27 -> 20 | U27: =$E$4-P27 -> 20 | V27: =IF(U27=$E$4," ",U27) -> 20 | W27: =IF(T27=$E$4," ",T27) -> 20 | X27: S1 | Y27: Pendidikan Agama Islam | Z27: 2016 | AA27: BELUM | AC27: =IFERROR(VLOOKUP(AD27,REFERENSI!$H$5:$I$13,2,FALSE)," ") | AE27: Seni Budaya | AG27: Waka Kurikulum | AH27: =VLOOKUP(AG27,$BK$6:$BL$19,2,FALSE) -> 12 | AI27: =IFERROR((AF27+AH27)," ") -> 12 | AJ27: SUDAH | AK27: 2014 | AM27: 3760761663110042 | BF27: 22 | BG27: 1965
A28: 25 | B28: MTs | C28: =IFERROR(VLOOKUP(B28,REFERENSI!$C$6:$D$15,2,FALSE)," ") -> 04 | D28: 95 | E28: Guru | F28: =IFERROR(VLOOKUP(E28,REFERENSI!$F$5:$G$6,2,FALSE)," ") -> 01 | G28: BAROKALLAH, S.Sos | H28: =IFERROR((M28&" "&P28&O28&" "&C28&" "&F28&" "&D28)," ") -> 19771010 200507 04 01 95 | I28: Kediri | J28: 10 | K28: 10 | L28: 1977 | M28: =L28&K28&J28 -> 19771010 | N28: 16 | O28: 07 | P28: 2005 | Q28: 16 | R28: 07 | S28: 2005 | T28: =$E$4-S28 -> 20 | U28: =$E$4-P28 -> 20 | V28: =IF(U28=$E$4," ",U28) -> 20 | W28: =IF(T28=$E$4," ",T28) -> 20 | X28: S1 | Y28: Ilmu Sosial dan Ilmu Politik | Z28: 2005 | AA28: BELUM | AC28: =IFERROR(VLOOKUP(AD28,REFERENSI!$H$5:$I$13,2,FALSE)," ") | AE28: PKn | AG28: Waka Sarana Prasarana | AH28: =VLOOKUP(AG28,$BK$6:$BL$19,2,FALSE) -> 12 | AI28: =IFERROR((AF28+AH28)," ") -> 12 | AJ28: SUDAH | AK28: 2013 | AL28: 131542179003 | AM28: 7342755657110113 | BF28: 23 | BG28: 1966
A29: 26 | B29: MTs | C29: =IFERROR(VLOOKUP(B29,REFERENSI!$C$6:$D$15,2,FALSE)," ") -> 04 | D29: 62 | E29: Guru | F29: =IFERROR(VLOOKUP(E29,REFERENSI!$F$5:$G$6,2,FALSE)," ") -> 01 | G29: SITI MUSAROPAH, S.Ag | H29: =IFERROR((M29&" "&P29&O29&" "&C29&" "&F29&" "&D29)," ") -> 19700709 199307 04 01 62 | I29: Trenggalek | J29: 09 | K29: 07 | L29: 1970 | M29: =L29&K29&J29 -> 19700709 | N29: 16 | O29: 07 | P29: 1993 | Q29: 16 | R29: 07 | S29: 1993 | T29: =$E$4-S29 -> 32 | U29: =$E$4-P29 -> 32 | V29: =IF(U29=$E$4," ",U29) -> 32 | W29: =IF(T29=$E$4," ",T29) -> 32 | X29: S1 | Y29: Pendidikan Agama Islam | Z29: 1993 | AA29: SUDAH | AC29: =IFERROR(VLOOKUP(AD29,REFERENSI!$H$5:$I$13,2,FALSE)," ") | AE29: Aqidah | AG29: Waka Humas | AH29: =VLOOKUP(AG29,$BK$6:$BL$19,2,FALSE) -> 12 | AI29: =IFERROR((AF29+AH29)," ") -> 12 | AJ29: SUDAH | AK29: 2009 | AL29: 091688417014 | AM29: 8041748650300023 | BF29: 24 | BG29: 1967
A30: 27 | B30: MTs | C30: =IFERROR(VLOOKUP(B30,REFERENSI!$C$6:$D$15,2,FALSE)," ") -> 04 | D30: 65 | E30: Guru | F30: =IFERROR(VLOOKUP(E30,REFERENSI!$F$5:$G$6,2,FALSE)," ") -> 01 | G30: SUDARTI, S.Ag | H30: =IFERROR((M30&" "&P30&O30&" "&C30&" "&F30&" "&D30)," ") -> 19651119 199407 04 01 65 | I30: Trenggalek | J30: 19 | K30: 11 | L30: 1965 | M30: =L30&K30&J30 -> 19651119 | N30: 18 | O30: 07 | P30: 1994 | Q30: 18 | R30: 07 | S30: 1994 | T30: =$E$4-S30 -> 31 | U30: =$E$4-P30 -> 31 | V30: =IF(U30=$E$4," ",U30) -> 31 | W30: =IF(T30=$E$4," ",T30) -> 31 | X30: S1 | Y30: Pendidikan Agama Islam | Z30: 1992 | AA30: SUDAH | AC30: =IFERROR(VLOOKUP(AD30,REFERENSI!$H$5:$I$13,2,FALSE)," ") | AE30: SKI, Qur'an Hadist | AG30: - | AH30: =VLOOKUP(AG30,$BK$6:$BL$19,2,FALSE) -> - | AI30: =IFERROR((AF30+AH30)," ") | AJ30: SUDAH | AK30: 2009 | AL30: 092190392017 | AM30: 5451743647380003 | BF30: 25 | BG30: 1968
A31: 28 | B31: MTs | C31: =IFERROR(VLOOKUP(B31,REFERENSI!$C$6:$D$15,2,FALSE)," ") -> 04 | D31: 70 | E31: Guru | F31: =IFERROR(VLOOKUP(E31,REFERENSI!$F$5:$G$6,2,FALSE)," ") -> 01 | G31: ANIF KUSNAWATI, S.Ag | H31: =IFERROR((M31&" "&P31&O31&" "&C31&" "&F31&" "&D31)," ") -> 19750630 199607 04 01 70 | I31: Trenggalek | J31: 30 | K31: 06 | L31: 1975 | M31: =L31&K31&J31 -> 19750630 | N31: 17 | O31: 07 | P31: 1996 | Q31: 17 | R31: 07 | S31: 1996 | T31: =$E$4-S31 -> 29 | U31: =$E$4-P31 -> 29 | V31: =IF(U31=$E$4," ",U31) -> 29 | W31: =IF(T31=$E$4," ",T31) -> 29 | X31: S1 | Y31: Pendidikan Agama Islam | Z31: 1997 | AA31: SUDAH | AC31: =IFERROR(VLOOKUP(AD31,REFERENSI!$H$5:$I$13,2,FALSE)," ") | AE31: IPS | AG31: - | AH31: =VLOOKUP(AG31,$BK$6:$BL$19,2,FALSE) -> - | AI31: =IFERROR((AF31+AH31)," ") | AJ31: SUDAH | AK31: 2009 | AL31: 092737942012 | AM31: 6962753654300002 | BF31: 26 | BG31: 1969
A32: 29 | B32: MTs | C32: =IFERROR(VLOOKUP(B32,REFERENSI!$C$6:$D$15,2,FALSE)," ") -> 04 | D32: 70 | E32: Guru | F32: =IFERROR(VLOOKUP(E32,REFERENSI!$F$5:$G$6,2,FALSE)," ") -> 01 | G32: IMAM MAKRUS, S.Ag | H32: =IFERROR((M32&" "&P32&O32&" "&C32&" "&F32&" "&D32)," ") -> 19720515 199607 04 01 70 | I32: Trenggalek | J32: 15 | K32: 05 | L32: 1972 | M32: =L32&K32&J32 -> 19720515 | N32: 17 | O32: 07 | P32: 1996 | Q32: 17 | R32: 07 | S32: 1996 | T32: =$E$4-S32 -> 29 | U32: =$E$4-P32 -> 29 | V32: =IF(U32=$E$4," ",U32) -> 29 | W32: =IF(T32=$E$4," ",T32) -> 29 | X32: S1 | Y32: Pendidikan Agama Islam | Z32: 2000 | AA32: SUDAH | AC32: =IFERROR(VLOOKUP(AD32,REFERENSI!$H$5:$I$13,2,FALSE)," ") | AE32: Aqidah, Qur'an Hadist | AG32: - | AH32: =VLOOKUP(AG32,$BK$6:$BL$19,2,FALSE) -> - | AI32: =IFERROR((AF32+AH32)," ") | AJ32: SUDAH | AK32: 2009 | AL32: 101486432014 | AM32: 9847750652200012 | BF32: 27 | BG32: 1970
A33: 30 | B33: MTs | C33: =IFERROR(VLOOKUP(B33,REFERENSI!$C$6:$D$15,2,FALSE)," ") -> 04 | D33: 73 | E33: Guru | F33: =IFERROR(VLOOKUP(E33,REFERENSI!$F$5:$G$6,2,FALSE)," ") -> 01 | G33: BAHRUN ROFIQI, S.Ag | H33: =IFERROR((M33&" "&P33&O33&" "&C33&" "&F33&" "&D33)," ") -> 19730626 199907 04 01 73 | I33: Trenggalek | J33: 26 | K33: 06 | L33: 1973 | M33: =L33&K33&J33 -> 19730626 | N33: 18 | O33: 07 | P33: 1999 | Q33: 18 | R33: 07 | S33: 1999 | T33: =$E$4-S33 -> 26 | U33: =$E$4-P33 -> 26 | V33: =IF(U33=$E$4," ",U33) -> 26 | W33: =IF(T33=$E$4," ",T33) -> 26 | X33: S1 | Y33: Pendidikan Agama Islam | Z33: 1998 | AC33: =IFERROR(VLOOKUP(AD33,REFERENSI!$H$5:$I$13,2,FALSE)," ") | AE33: Fiqih, Qur'an Hadist | AG33: - | AH33: =VLOOKUP(AG33,$BK$6:$BL$19,2,FALSE) -> - | AI33: =IFERROR((AF33+AH33)," ") | AJ33: SUDAH | AK33: 2011 | AL33: 112372126016 | AM33: 0958751653200012 | BF33: 28 | BG33: 1971
A34: 31 | B34: SMK 2 | C34: =IFERROR(VLOOKUP(B34,REFERENSI!$C$6:$D$15,2,FALSE)," ") -> 07 | D34: 15 | E34: Tenaga Kependidikan | F34: =IFERROR(VLOOKUP(E34,REFERENSI!$F$5:$G$6,2,FALSE)," ") -> 02 | G34: ZAYYINA BINTANG NURDIANA YUSUF | H34: =IFERROR((M34&" "&P34&O34&" "&C34&" "&F34&" "&D34)," ") -> 20040301 202407 07 02 15 | I34: Trenggalek | J34: 01 | K34: 03 | L34: 2004 | M34: =L34&K34&J34 -> 20040301 | N34: 15 | O34: 07 | P34: 2024 | Q34: 15 | R34: 07 | S34: 2024 | T34: =$E$4-S34 -> 1 | U34: =$E$4-P34 -> 1 | V34: =IF(U34=$E$4," ",U34) -> 1 | W34: =IF(T34=$E$4," ",T34) -> 1 | X34: SLTA | Y34: IPS | Z34: 2001 | AA34: SUDAH | AC34: =IFERROR(VLOOKUP(AD34,REFERENSI!$H$5:$I$13,2,FALSE)," ") | AE34: Bahasa Arab | AG34: - | AH34: =VLOOKUP(AG34,$BK$6:$BL$19,2,FALSE) -> - | AI34: =IFERROR((AF34+AH34)," ") | AJ34: SUDAH | AL34: 122392148017 | AM34: 7445751654200003 | BF34: 29 | BG34: 1972
A35: 32 | B35: MTs | C35: =IFERROR(VLOOKUP(B35,REFERENSI!$C$6:$D$15,2,FALSE)," ") -> 04 | D35: 29 | E35: Guru | F35: =IFERROR(VLOOKUP(E35,REFERENSI!$F$5:$G$6,2,FALSE)," ") -> 01 | G35: DWI PURWATININGSIH, S.Pd | H35: =IFERROR((M35&" "&P35&O35&" "&C35&" "&F35&" "&D35)," ") -> 19810709 200407 04 01 29 | I35: Trenggalek | J35: 09 | K35: 07 | L35: 1981 | M35: =L35&K35&J35 -> 19810709 | N35: 18 | O35: 07 | P35: 2004 | Q35: 18 | R35: 07 | S35: 2004 | T35: =$E$4-S35 -> 21 | U35: =$E$4-P35 -> 21 | V35: =IF(U35=$E$4," ",U35) -> 21 | W35: =IF(T35=$E$4," ",T35) -> 21 | X35: S1 | Y35: Pendidikan Matematika | Z35: 2004 | AC35: =IFERROR(VLOOKUP(AD35,REFERENSI!$H$5:$I$13,2,FALSE)," ") | AE35: Matematika | AG35: - | AH35: =VLOOKUP(AG35,$BK$6:$BL$19,2,FALSE) -> - | AI35: =IFERROR((AF35+AH35)," ") | AJ35: SUDAH | AK35: 2010 | AL35: 091688472004 | AM35: 7041759661300013 | BF35: 30 | BG35: 1973
A36: 33 | B36: MTs | C36: =IFERROR(VLOOKUP(B36,REFERENSI!$C$6:$D$15,2,FALSE)," ") -> 04 | D36: 80 | E36: Guru | F36: =IFERROR(VLOOKUP(E36,REFERENSI!$F$5:$G$6,2,FALSE)," ") -> 01 | G36: BANGKIT ADI SWASONO, M.Pd | H36: =IFERROR((M36&" "&P36&O36&" "&C36&" "&F36&" "&D36)," ") -> 19810520 200207 04 01 80 | I36: Trenggalek | J36: 20 | K36: 05 | L36: 1981 | M36: =L36&K36&J36 -> 19810520 | N36: 17 | O36: 07 | P36: 2002 | Q36: 17 | R36: 07 | S36: 2002 | T36: =$E$4-S36 -> 23 | U36: =$E$4-P36 -> 23 | V36: =IF(U36=$E$4," ",U36) -> 23 | W36: =IF(T36=$E$4," ",T36) -> 23 | X36: S2 | Y36: Pendidikan Bahasa Indonesia | Z36: 2007 | AC36: =IFERROR(VLOOKUP(AD36,REFERENSI!$H$5:$I$13,2,FALSE)," ") | AE36: Bahasa Indonesia | AG36: - | AH36: =VLOOKUP(AG36,$BK$6:$BL$19,2,FALSE) -> - | AI36: =IFERROR((AF36+AH36)," ") | AJ36: SUDAH | AK36: 2009 | AL36: 101488977005 | AM36: 1852759661200012 | BF36: 31 | BG36: 1974
A37: 34 | B37: MTs | C37: =IFERROR(VLOOKUP(B37,REFERENSI!$C$6:$D$15,2,FALSE)," ") -> 04 | D37: 83 | E37: Guru | F37: =IFERROR(VLOOKUP(E37,REFERENSI!$F$5:$G$6,2,FALSE)," ") -> 01 | G37: SITI NUR'ALIYAH, S.Pd.I | H37: =IFERROR((M37&" "&P37&O37&" "&C37&" "&F37&" "&D37)," ") -> 19780220 200307 04 01 83 | I37: Bandung Baru | J37: 20 | K37: 02 | L37: 1978 | M37: =L37&K37&J37 -> 19780220 | N37: 18 | O37: 07 | P37: 2003 | Q37: 18 | R37: 07 | S37: 2003 | T37: =$E$4-S37 -> 22 | U37: =$E$4-P37 -> 22 | V37: =IF(U37=$E$4," ",U37) -> 22 | W37: =IF(T37=$E$4," ",T37) -> 22 | X37: S1 | Y37: Pendidikan Agama Islam | Z37: 2002 | AA37: SUDAH | AC37: =IFERROR(VLOOKUP(AD37,REFERENSI!$H$5:$I$13,2,FALSE)," ") | AE37: IPS | AG37: - | AH37: =VLOOKUP(AG37,$BK$6:$BL$19,2,FALSE) -> - | AI37: =IFERROR((AF37+AH37)," ") | AJ37: SUDAH | AK37: 2011 | AL37: 111002188003 | AM37: 4552756657300022 | BG37: 1975
A38: 35 | B38: MTs | C38: =IFERROR(VLOOKUP(B38,REFERENSI!$C$6:$D$15,2,FALSE)," ") -> 04 | D38: 21 | E38: Guru | F38: =IFERROR(VLOOKUP(E38,REFERENSI!$F$5:$G$6,2,FALSE)," ") -> 01 | G38: SITI NURSIYAH, S.Pd | H38: =IFERROR((M38&" "&P38&O38&" "&C38&" "&F38&" "&D38)," ") -> 19780615 200207 04 01 21 | I38: Trenggalek | J38: 15 | K38: 06 | L38: 1978 | M38: =L38&K38&J38 -> 19780615 | N38: 17 | O38: 07 | P38: 2002 | Q38: 17 | R38: 07 | S38: 2002 | T38: =$E$4-S38 -> 23 | U38: =$E$4-P38 -> 23 | V38: =IF(U38=$E$4," ",U38) -> 23 | W38: =IF(T38=$E$4," ",T38) -> 23 | X38: S1 | Y38: Pendidikan Bahasa Inggris | Z38: 2002 | AA38: SUDAH | AC38: =IFERROR(VLOOKUP(AD38,REFERENSI!$H$5:$I$13,2,FALSE)," ") | AE38: Bahasa Inggris | AG38: - | AH38: =VLOOKUP(AG38,$BK$6:$BL$19,2,FALSE) -> - | AI38: =IFERROR((AF38+AH38)," ") | AJ38: SUDAH | AK38: 2009 | AL38: 091987957011 | AM38: 3947756657300012 | BG38: 1976
A39: 36 | B39: MTs | C39: =IFERROR(VLOOKUP(B39,REFERENSI!$C$6:$D$15,2,FALSE)," ") -> 04 | D39: 95 | E39: Guru | F39: =IFERROR(VLOOKUP(E39,REFERENSI!$F$5:$G$6,2,FALSE)," ") -> 01 | G39: ALI MASKUR, S.Pd.I | H39: =IFERROR((M39&" "&P39&O39&" "&C39&" "&F39&" "&D39)," ") -> 19850828 200507 04 01 95 | I39: Trenggalek | J39: 28 | K39: 08 | L39: 1985 | M39: =L39&K39&J39 -> 19850828 | N39: 18 | O39: 07 | P39: 2005 | Q39: 18 | R39: 07 | S39: 2005 | T39: =$E$4-S39 -> 20 | U39: =$E$4-P39 -> 20 | V39: =IF(U39=$E$4," ",U39) -> 20 | W39: =IF(T39=$E$4," ",T39) -> 20 | X39: S1 | Y39: Pendidikan Agama Islam | Z39: 2009 | AC39: =IFERROR(VLOOKUP(AD39,REFERENSI!$H$5:$I$13,2,FALSE)," ") | AE39: TIK | AF39: 22 | AG39: Kepala Perpustakaan | AH39: =VLOOKUP(AG39,$BK$6:$BL$19,2,FALSE) -> 12 | AI39: =IFERROR((AF39+AH39)," ") -> 34 | AJ39: SUDAH | AK39: 2012 | AL39: 122242188011 | AM39: 1160763666200003 | BG39: 1977
A40: 37 | B40: MTs | C40: =IFERROR(VLOOKUP(B40,REFERENSI!$C$6:$D$15,2,FALSE)," ") -> 04 | D40: 89 | E40: Guru | F40: =IFERROR(VLOOKUP(E40,REFERENSI!$F$5:$G$6,2,FALSE)," ") -> 01 | G40: FARHATUN NADHIROH, S.Si | H40: =IFERROR((M40&" "&P40&O40&" "&C40&" "&F40&" "&D40)," ") -> 19800201 200407 04 01 89 | I40: Madiun | J40: 01 | K40: 02 | L40: 1980 | M40: =L40&K40&J40 -> 19800201 | N40: 19 | O40: 07 | P40: 2004 | Q40: 19 | R40: 07 | S40: 2004 | T40: =$E$4-S40 -> 21 | U40: =$E$4-P40 -> 21 | V40: =IF(U40=$E$4," ",U40) -> 21 | W40: =IF(T40=$E$4," ",T40) -> 21 | X40: S1 | Y40: KIMIA | Z40: 2003 | AC40: =IFERROR(VLOOKUP(AD40,REFERENSI!$H$5:$I$13,2,FALSE)," ") | AE40: IPA | AF40: 30 | AG40: - | AH40: =VLOOKUP(AG40,$BK$6:$BL$19,2,FALSE) -> - | AI40: =IFERROR((AF40+AH40)," ") | AJ40: SUDAH | AK40: 2010 | AL40: 021285967011 | AM40: 0533758659210152 | BG40: 1978
A41: 38 | B41: MTs | C41: =IFERROR(VLOOKUP(B41,REFERENSI!$C$6:$D$15,2,FALSE)," ") -> 04 | D41: 34 | E41: Guru | F41: =IFERROR(VLOOKUP(E41,REFERENSI!$F$5:$G$6,2,FALSE)," ") -> 01 | G41: AGUNG BUDI SUSILO, S.Pd | H41: =IFERROR((M41&" "&P41&O41&" "&C41&" "&F41&" "&D41)," ") -> 19811001 200507 04 01 34 | I41: Trenggalek | J41: 01 | K41: 10 | L41: 1981 | M41: =L41&K41&J41 -> 19811001 | N41: 18 | O41: 07 | P41: 2005 | Q41: 18 | R41: 07 | S41: 2005 | T41: =$E$4-S41 -> 20 | U41: =$E$4-P41 -> 20 | V41: =IF(U41=$E$4," ",U41) -> 20 | W41: =IF(T41=$E$4," ",T41) -> 20 | X41: S1 | Y41: Penjaskesrek | Z41: 2010 | AC41: =IFERROR(VLOOKUP(AD41,REFERENSI!$H$5:$I$13,2,FALSE)," ") | AE41: Penjaskes | AF41: 22 | AG41: - | AH41: =VLOOKUP(AG41,$BK$6:$BL$19,2,FALSE) -> - | AI41: =IFERROR((AF41+AH41)," ") | AJ41: SUDAH | AK41: 2013 | AL41: 132202183003 | AM41: 9442759661200022 | BG41: 1979
A42: 39 | B42: MTs | C42: =IFERROR(VLOOKUP(B42,REFERENSI!$C$6:$D$15,2,FALSE)," ") -> 04 | D42: 95 | E42: Guru | F42: =IFERROR(VLOOKUP(E42,REFERENSI!$F$5:$G$6,2,FALSE)," ") -> 01 | G42: AGUNG WITANTO, S.Pd | H42: =IFERROR((M42&" "&P42&O42&" "&C42&" "&F42&" "&D42)," ") -> 19831206 200507 04 01 95 | I42: Trenggalek | J42: 06 | K42: 12 | L42: 1983 | M42: =L42&K42&J42 -> 19831206 | N42: 18 | O42: 07 | P42: 2005 | Q42: 18 | R42: 07 | S42: 2005 | T42: =$E$4-S42 -> 20 | U42: =$E$4-P42 -> 20 | V42: =IF(U42=$E$4," ",U42) -> 20 | W42: =IF(T42=$E$4," ",T42) -> 20 | X42: S1 | Y42: Pendidikan Fisika | Z42: 2007 | AC42: =IFERROR(VLOOKUP(AD42,REFERENSI!$H$5:$I$13,2,FALSE)," ") | AE42: IPA | AF42: 25 | AG42: - | AH42: =VLOOKUP(AG42,$BK$6:$BL$19,2,FALSE) -> - | AI42: =IFERROR((AF42+AH42)," ") | AJ42: SUDAH | AK42: 2013 | AL42: 130972178002 | AM42: 7538761663110053 | BG42: 1980
A43: 40 | B43: MTs | C43: =IFERROR(VLOOKUP(B43,REFERENSI!$C$6:$D$15,2,FALSE)," ") -> 04 | D43: 95 | E43: Guru | F43: =IFERROR(VLOOKUP(E43,REFERENSI!$F$5:$G$6,2,FALSE)," ") -> 01 | G43: WIJI SALAMAH, S.Pd.I | H43: =IFERROR((M43&" "&P43&O43&" "&C43&" "&F43&" "&D43)," ") -> 19860816 200507 04 01 95 | I43: Trenggalek | J43: 16 | K43: 08 | L43: 1986 | M43: =L43&K43&J43 -> 19860816 | N43: 18 | O43: 07 | P43: 2005 | Q43: 18 | R43: 07 | S43: 2005 | T43: =$E$4-S43 -> 20 | U43: =$E$4-P43 -> 20 | V43: =IF(U43=$E$4," ",U43) -> 20 | W43: =IF(T43=$E$4," ",T43) -> 20 | X43: S1 | Y43: Pendidikan Agama Islam | Z43: 2009 | AC43: =IFERROR(VLOOKUP(AD43,REFERENSI!$H$5:$I$13,2,FALSE)," ") | AE43: Seni Budaya, Aswaja | AF43: 14 | AG43: - | AH43: =VLOOKUP(AG43,$BK$6:$BL$19,2,FALSE) -> - | AI43: =IFERROR((AF43+AH43)," ") | AJ43: BELUM | AM43: 4148764665300033 | BG43: 1981
A44: 41 | B44: MTs | C44: =IFERROR(VLOOKUP(B44,REFERENSI!$C$6:$D$15,2,FALSE)," ") -> 04 | D44: 95 | E44: Guru | F44: =IFERROR(VLOOKUP(E44,REFERENSI!$F$5:$G$6,2,FALSE)," ") -> 01 | G44: RARA RATNA WW, M.Pd | H44: =IFERROR((M44&" "&P44&O44&" "&C44&" "&F44&" "&D44)," ") -> 19830205 200507 04 01 95 | I44: Trenggalek | J44: 05 | K44: 02 | L44: 1983 | M44: =L44&K44&J44 -> 19830205 | N44: 18 | O44: 07 | P44: 2005 | Q44: 18 | R44: 07 | S44: 2005 | T44: =$E$4-S44 -> 20 | U44: =$E$4-P44 -> 20 | V44: =IF(U44=$E$4," ",U44) -> 20 | W44: =IF(T44=$E$4," ",T44) -> 20 | X44: S2 | Y44: Pendidikan Bahasa Inggris | Z44: 2013 | AC44: =IFERROR(VLOOKUP(AD44,REFERENSI!$H$5:$I$13,2,FALSE)," ") | AE44: Bahasa Inggris | AF44: 25 | AG44: - | AH44: =VLOOKUP(AG44,$BK$6:$BL$19,2,FALSE) -> - | AI44: =IFERROR((AF44+AH44)," ") | AJ44: BELUM | AM44: 2537761662110072 | BG44: 1982
A45: 42 | B45: MTs | C45: =IFERROR(VLOOKUP(B45,REFERENSI!$C$6:$D$15,2,FALSE)," ") -> 04 | D45: 63 | E45: Guru | F45: =IFERROR(VLOOKUP(E45,REFERENSI!$F$5:$G$6,2,FALSE)," ") -> 01 | G45: SILVIA NOFA ANGGRAINI, S.Pd.I | H45: =IFERROR((M45&" "&P45&O45&" "&C45&" "&F45&" "&D45)," ") -> 19891126 201007 04 01 63 | I45: Trenggalek | J45: 26 | K45: 11 | L45: 1989 | M45: =L45&K45&J45 -> 19891126 | N45: 12 | O45: 07 | P45: 2010 | Q45: 12 | R45: 07 | S45: 2010 | T45: =$E$4-S45 -> 15 | U45: =$E$4-P45 -> 15 | V45: =IF(U45=$E$4," ",U45) -> 15 | W45: =IF(T45=$E$4," ",T45) -> 15 | X45: S1 | Y45: Tadris Matematika | Z45: 2011 | AA45: BELUM | AC45: =IFERROR(VLOOKUP(AD45,REFERENSI!$H$5:$I$13,2,FALSE)," ") | AE45: Matematika | AF45: 15 | AG45: - | AH45: =VLOOKUP(AG45,$BK$6:$BL$19,2,FALSE) -> - | AI45: =IFERROR((AF45+AH45)," ") | AJ45: BELUM | AM45: 20542411189002 | BG45: 1983
A46: 49 | B46: MTs | C46: =IFERROR(VLOOKUP(B46,REFERENSI!$C$6:$D$15,2,FALSE)," ") -> 04 | D46: 95 | E46: Tenaga Kependidikan | F46: =IFERROR(VLOOKUP(E46,REFERENSI!$F$5:$G$6,2,FALSE)," ") -> 02 | G46: MUSRINGAH | H46: =IFERROR((M46&" "&P46&O46&" "&C46&" "&F46&" "&D46)," ") -> 19600112 200507 04 02 95 | I46: Trenggalek | J46: 12 | K46: 01 | L46: 1960 | M46: =L46&K46&J46 -> 19600112 | N46: 01 | O46: 07 | P46: 2005 | Q46: 01 | R46: 07 | S46: 2005 | T46: =$E$4-S46 -> 20 | U46: =$E$4-P46 -> 20 | V46: =IF(U46=$E$4," ",U46) -> 20 | W46: =IF(T46=$E$4," ",T46) -> 20 | X46: SLTA | Y46: SPG/PGTK/SD | Z46: 1979 | AA46: BELUM | AC46: =IFERROR(VLOOKUP(AD46,[1]REFERENSI!$H$5:$I$13,2,FALSE)," ") | AG46: - | AH46: =VLOOKUP(AG46,$BK$6:$BL$19,2,FALSE) -> - | AI46: =IFERROR((AF46+AH46)," ") | AJ46: BELUM | AM46: 3444738639300022 | BG46: 1990 | BK46: Kepala Lab. IPA | BL46: 12
A47: 50 | B47: MTs | C47: =IFERROR(VLOOKUP(B47,REFERENSI!$C$6:$D$15,2,FALSE)," ") -> 04 | D47: 26 | E47: Guru | F47: =IFERROR(VLOOKUP(E47,REFERENSI!$F$5:$G$6,2,FALSE)," ") -> 01 | G47: NORA INDAH WULANSARI, S.Pd | H47: =IFERROR((M47&" "&P47&O47&" "&C47&" "&F47&" "&D47)," ") -> 19910420 201007 04 01 26 | I47: Trenggalek | J47: 20 | K47: 04 | L47: 1991 | M47: =L47&K47&J47 -> 19910420 | N47: 12 | O47: 07 | P47: 2010 | Q47: 12 | R47: 07 | S47: 2010 | T47: =$E$4-S47 -> 15 | U47: =$E$4-P47 -> 15 | V47: =IF(U47=$E$4," ",U47) -> 15 | W47: =IF(T47=$E$4," ",T47) -> 15 | X47: S1 | Y47: Pendidikan Bahasa Inggris | AC47: =IFERROR(VLOOKUP(AD47,'[1]REFERENSI'!$H$5:$I$13,2,FALSE)," ") | AG47: - | AH47: =VLOOKUP(AG47,$BK$6:$BL$19,2,FALSE) -> - | AI47: =IFERROR((AF47+AH47)," ") | AJ47: BELUM | AM47: 20542411191001 | BG47: 1991 | BK47: Kepala Lab. Bahasa | BL47: 12
A48: 51 | B48: MTs | C48: =IFERROR(VLOOKUP(B48,REFERENSI!$C$6:$D$15,2,FALSE)," ") -> 04 | E48: Guru | F48: =IFERROR(VLOOKUP(E48,REFERENSI!$F$5:$G$6,2,FALSE)," ") -> 01 | G48: NUR IKHSAN, S.Pd | H48: =IFERROR((M48&" "&P48&O48&" "&C48&" "&F48&" "&D48)," ") -> 19960110 201407 04 01 | I48: Trenggalek | J48: 10 | K48: 01 | L48: 1996 | M48: =L48&K48&J48 -> 19960110 | N48: 01 | O48: 07 | P48: 2014 | Q48: 01 | R48: 07 | S48: 2014 | T48: =$E$4-S48 -> 11 | U48: =$E$4-P48 -> 11 | V48: =IF(U48=$E$4," ",U48) -> 11 | W48: =IF(T48=$E$4," ",T48) -> 11 | X48: S1 | Y48: Pendidikan Agama Islam | Z48: 2018 | AA48: BELUM | AC48: =IFERROR(VLOOKUP(AD48,'[1]REFERENSI'!$H$5:$I$13,2,FALSE)," ") | AG48: - | AH48: =VLOOKUP(AG48,$BK$6:$BL$19,2,FALSE) -> - | AI48: =IFERROR((AF48+AH48)," ") | AJ48: BELUM | BG48: 1992 | BK48: Kepala Lab. Komputer | BL48: 12
A49: 52 | B49: MTs | C49: =IFERROR(VLOOKUP(B49,REFERENSI!$C$6:$D$15,2,FALSE)," ") -> 04 | D49: 82 | E49: Guru | F49: =IFERROR(VLOOKUP(E49,REFERENSI!$F$5:$G$6,2,FALSE)," ") -> 01 | G49: INTAN AYU LESTARI SIWI NAINGGOLAN,S.Pd | H49: =IFERROR((M49&" "&P49&O49&" "&C49&" "&F49&" "&D49)," ") -> 19950407 201407 04 01 82 | I49: Trenggalek | J49: 07 | K49: 04 | L49: 1995 | M49: =L49&K49&J49 -> 19950407 | N49: 01 | O49: 07 | P49: 2014 | Q49: 01 | R49: 07 | S49: 2014 | T49: =$E$4-S49 -> 11 | U49: =$E$4-P49 -> 11 | V49: =IF(U49=$E$4," ",U49) -> 11 | W49: =IF(T49=$E$4," ",T49) -> 11 | X49: S1 | Y49: PGSD | Z49: 2017 | AA49: BELUM | AC49: =IFERROR(VLOOKUP(AD49,'[1]REFERENSI'!$H$5:$I$13,2,FALSE)," ") | AG49: - | AH49: =VLOOKUP(AG49,$BK$6:$BL$19,2,FALSE) -> - | AI49: =IFERROR((AF49+AH49)," ") | AJ49: BELUM | BG49: 1993 | BK49: Kepala Lab. Produksi | BL49: 12
A50: 53 | B50: MTs | C50: =IFERROR(VLOOKUP(B50,REFERENSI!$C$6:$D$15,2,FALSE)," ") -> 04 | E50: Guru | F50: =IFERROR(VLOOKUP(E50,REFERENSI!$F$5:$G$6,2,FALSE)," ") -> 01 | G50: IMAM MUBAROK,S.Pd | H50: =IFERROR((M50&" "&P50&O50&" "&C50&" "&F50&" "&D50)," ") -> 19920219 201407 04 01 | I50: Trenggalek | J50: 19 | K50: 02 | L50: 1992 | M50: =L50&K50&J50 -> 19920219 | N50: 01 | O50: 07 | P50: 2014 | Q50: 01 | R50: 07 | S50: 2014 | T50: =$E$4-S50 -> 11 | U50: =$E$4-P50 -> 11 | V50: =IF(U50=$E$4," ",U50) -> 11 | W50: =IF(T50=$E$4," ",T50) -> 11 | X50: S1 | Y50: Bimbingan Konseling | AA50: BELUM | AC50: =IFERROR(VLOOKUP(AD50,'[1]REFERENSI'!$H$5:$I$13,2,FALSE)," ") | AG50: - | AH50: =VLOOKUP(AG50,$BK$6:$BL$19,2,FALSE) -> - | AI50: =IFERROR((AF50+AH50)," ") | AJ50: BELUM | BG50: 1994 | BK50: Kepala Perpustakaan | BL50: 12
A51: 54 | B51: MTs | C51: =IFERROR(VLOOKUP(B51,REFERENSI!$C$6:$D$15,2,FALSE)," ") -> 04 | D51: 61 | E51: Guru | F51: =IFERROR(VLOOKUP(E51,REFERENSI!$F$5:$G$6,2,FALSE)," ") -> 01 | G51: SUCI MAYASARI, S.Pd | H51: =IFERROR((M51&" "&P51&O51&" "&C51&" "&F51&" "&D51)," ") -> 19910525 201807 04 01 61 | I51: Trenggalek | J51: 25 | K51: 05 | L51: 1991 | M51: =L51&K51&J51 -> 19910525 | N51: 16 | O51: 07 | P51: 2018 | Q51: 16 | R51: 07 | S51: 2018 | T51: =$E$4-S51 -> 7 | U51: =$E$4-P51 -> 7 | V51: =IF(U51=$E$4," ",U51) -> 7 | W51: =IF(T51=$E$4," ",T51) -> 7 | X51: S1 | Y51: Pendidikan Matematika | AA51: BELUM | AC51: =IFERROR(VLOOKUP(AD51,'[1]REFERENSI'!$H$5:$I$13,2,FALSE)," ") | AG51: - | AH51: =VLOOKUP(AG51,$BK$6:$BL$19,2,FALSE) -> - | AI51: =IFERROR((AF51+AH51)," ") | AJ51: BELUM | BG51: 1995 | BK51: Kepala Tata Usaha | BL51: -
A52: 55 | B52: SMK 1 | C52: =IFERROR(VLOOKUP(B52,REFERENSI!$C$6:$D$15,2,FALSE)," ") -> 06 | D52: 72 | E52: Guru | F52: =IFERROR(VLOOKUP(E52,REFERENSI!$F$5:$G$6,2,FALSE)," ") -> 01 | G52: H.M.BISYRI AFANDI, S.Pd.I | H52: =IFERROR((M52&" "&P52&O52&" "&C52&" "&F52&" "&D52)," ") -> 19640202 200207 06 01 72 | I52: Trenggalek | J52: 02 | K52: 02 | L52: 1964 | M52: =L52&K52&J52 -> 19640202 | N52: 01 | O52: 07 | P52: 2002 | Q52: 01 | R52: 07 | S52: 2002 | T52: =$E$4-S52 -> 23 | U52: =$E$4-P52 -> 23 | V52: =IF(U52=$E$4," ",U52) -> 23 | W52: =IF(T52=$E$4," ",T52) -> 23 | X52: S1 | Y52: PAI | Z52: 2011 | AC52: =IFERROR(VLOOKUP(AD52,'[1]REFERENSI'!$H$5:$I$13,2,FALSE)," ") | AE52: Sedi Budaya & Qur'an Hadist | AF52: 10 | AG52: Kepala Sekolah | AH52: =VLOOKUP(AG52,$BK$6:$BL$19,2,FALSE) -> 18 | AI52: =IFERROR((AF52+AH52)," ") -> 28 | BG52: 1996 | BK52: - | BL52: -
A53: 56 | B53: SMK 2 | C53: =IFERROR(VLOOKUP(B53,REFERENSI!$C$6:$D$15,2,FALSE)," ") -> 07 | D53: 87 | E53: Guru | F53: =IFERROR(VLOOKUP(E53,REFERENSI!$F$5:$G$6,2,FALSE)," ") -> 01 | G53: JAKIYATUN NAFSIYAH, S.Ag | H53: =IFERROR((M53&" "&P53&O53&" "&C53&" "&F53&" "&D53)," ") -> 19751012 200507 07 01 87 | I53: Trenggalek | J53: 12 | K53: 10 | L53: 1975 | M53: =L53&K53&J53 -> 19751012 | N53: 15 | O53: 07 | P53: 2005 | Q53: 15 | R53: 07 | S53: 2005 | T53: =$E$4-S53 -> 20 | U53: =$E$4-P53 -> 20 | V53: =IF(U53=$E$4," ",U53) -> 20 | W53: =IF(T53=$E$4," ",T53) -> 20 | X53: S1 | Y53: PAI | Z53: 1999 | AC53: =IFERROR(VLOOKUP(AD53,'[1]REFERENSI'!$H$5:$I$13,2,FALSE)," ") | AE53: Bhs.Inggris & KKPI | AF53: 24 | AG53: - | AH53: =VLOOKUP(AG53,$BK$6:$BL$19,2,FALSE) -> - | AI53: =IFERROR((AF53+AH53)," ") | BG53: 1997
A54: 57 | B54: SMK 1 | C54: =IFERROR(VLOOKUP(B54,REFERENSI!$C$6:$D$15,2,FALSE)," ") -> 06 | E54: Guru | F54: =IFERROR(VLOOKUP(E54,REFERENSI!$F$5:$G$6,2,FALSE)," ") -> 01 | G54: MARITA DWI WULANDARI, S.Pd | H54: =IFERROR((M54&" "&P54&O54&" "&C54&" "&F54&" "&D54)," ") -> 19840327 200607 06 01 | I54: Trenggalek | J54: 27 | K54: 03 | L54: 1984 | M54: =L54&K54&J54 -> 19840327 | N54: 17 | O54: 07 | P54: 2006 | Q54: 17 | R54: 07 | S54: 2006 | T54: =$E$4-S54 -> 19 | U54: =$E$4-P54 -> 19 | V54: =IF(U54=$E$4," ",U54) -> 19 | W54: =IF(T54=$E$4," ",T54) -> 19 | X54: S1 | Y54: Bhs.Inggris | Z54: 2005 | AB54: GURU MUDA | AC54: =IFERROR(VLOOKUP(AD54,'[1]REFERENSI'!$H$5:$I$13,2,FALSE)," ") | AD54: III C | AE54: BP/BK | AF54: 24 | AG54: - | AH54: =VLOOKUP(AG54,$BK$6:$BL$19,2,FALSE) -> - | AI54: =IFERROR((AF54+AH54)," ") | BG54: 1998
A55: 58 | B55: SMK 1 | C55: =IFERROR(VLOOKUP(B55,REFERENSI!$C$6:$D$15,2,FALSE)," ") -> 06 | E55: Guru | F55: =IFERROR(VLOOKUP(E55,REFERENSI!$F$5:$G$6,2,FALSE)," ") -> 01 | G55: NAFIUL ANWAR, S.Pd | H55: =IFERROR((M55&" "&P55&O55&" "&C55&" "&F55&" "&D55)," ") -> 19871005 200707 06 01 | I55: Trenggalek | J55: 05 | K55: 10 | L55: 1987 | M55: =L55&K55&J55 -> 19871005 | N55: 16 | O55: 07 | P55: 2007 | Q55: 16 | R55: 07 | S55: 2007 | T55: =$E$4-S55 -> 18 | U55: =$E$4-P55 -> 18 | V55: =IF(U55=$E$4," ",U55) -> 18 | W55: =IF(T55=$E$4," ",T55) -> 18 | X55: S1 | Y55: BP/BK | Z55: 2013 | AC55: =IFERROR(VLOOKUP(AD55,'[1]REFERENSI'!$H$5:$I$13,2,FALSE)," ") | AE55: PKN | AF55: 12 | AG55: - | AH55: =VLOOKUP(AG55,$BK$6:$BL$19,2,FALSE) -> - | AI55: =IFERROR((AF55+AH55)," ") | BG55: 1999
A56: 59 | B56: SMK 1 | C56: =IFERROR(VLOOKUP(B56,REFERENSI!$C$6:$D$15,2,FALSE)," ") -> 06 | D56: 01 | E56: Guru | F56: =IFERROR(VLOOKUP(E56,REFERENSI!$F$5:$G$6,2,FALSE)," ") -> 01 | G56: IKA SRIWINDIATI, S.Pd | H56: =IFERROR((M56&" "&P56&O56&" "&C56&" "&F56&" "&D56)," ") -> 19820929 200707 06 01 01 | I56: Trenggalek | J56: 29 | K56: 09 | L56: 1982 | M56: =L56&K56&J56 -> 19820929 | N56: 17 | O56: 07 | P56: 2007 | Q56: 17 | R56: 07 | S56: 2007 | T56: =$E$4-S56 -> 18 | U56: =$E$4-P56 -> 18 | V56: =IF(U56=$E$4," ",U56) -> 18 | W56: =IF(T56=$E$4," ",T56) -> 18 | X56: S1 | Y56: BAHASA INGGRIS | Z56: 2006 | AC56: =IFERROR(VLOOKUP(AD56,'[1]REFERENSI'!$H$5:$I$13,2,FALSE)," ") | AE56: Mulok, IPA | AF56: 6 | AG56: Waka Humas | AH56: =VLOOKUP(AG56,$BK$6:$BL$19,2,FALSE) -> 12 | AI56: =IFERROR((AF56+AH56)," ") -> 18 | BG56: 2000
A57: 60 | B57: SMK 1 | C57: =IFERROR(VLOOKUP(B57,REFERENSI!$C$6:$D$15,2,FALSE)," ") -> 06 | D57: 34 | E57: Guru | F57: =IFERROR(VLOOKUP(E57,REFERENSI!$F$5:$G$6,2,FALSE)," ") -> 01 | G57: INFIRUL AZIZAH, S.Pd | H57: =IFERROR((M57&" "&P57&O57&" "&C57&" "&F57&" "&D57)," ") -> 19880401 201307 06 01 34 | I57: Trenggalek | J57: 01 | K57: 04 | L57: 1988 | M57: =L57&K57&J57 -> 19880401 | N57: 14 | O57: 07 | P57: 2013 | Q57: 14 | R57: 07 | S57: 2013 | T57: =$E$4-S57 -> 12 | U57: =$E$4-P57 -> 12 | V57: =IF(U57=$E$4," ",U57) -> 12 | W57: =IF(T57=$E$4," ",T57) -> 12 | X57: S1 | Y57: BAHASA INGGRIS | Z57: 2010 | AB57: GURU MUDA | AC57: =IFERROR(VLOOKUP(AD57,'[1]REFERENSI'!$H$5:$I$13,2,FALSE)," ") | AD57: III D | AE57: Teknik Pengelasan | AF57: 28 | AG57: - | AH57: =VLOOKUP(AG57,$BK$6:$BL$19,2,FALSE) -> - | AI57: =IFERROR((AF57+AH57)," ") | BG57: 2001
A58: 61 | B58: SMK 1 | C58: =IFERROR(VLOOKUP(B58,REFERENSI!$C$6:$D$15,2,FALSE)," ") -> 06 | D58: 68 | E58: Guru | F58: =IFERROR(VLOOKUP(E58,REFERENSI!$F$5:$G$6,2,FALSE)," ") -> 01 | G58: USNAN, S.T | H58: =IFERROR((M58&" "&P58&O58&" "&C58&" "&F58&" "&D58)," ") -> 19740626 200107 06 01 68 | I58: Klangenan | J58: 26 | K58: 06 | L58: 1974 | M58: =L58&K58&J58 -> 19740626 | N58: 18 | O58: 07 | P58: 2001 | Q58: 18 | R58: 07 | S58: 2001 | T58: =$E$4-S58 -> 24 | U58: =$E$4-P58 -> 24 | V58: =IF(U58=$E$4," ",U58) -> 24 | W58: =IF(T58=$E$4," ",T58) -> 24 | X58: S1 | Y58: Teknik Mesin | Z58: 2000 | AA58: SUDAH | AB58: GURU MADYA | AC58: =IFERROR(VLOOKUP(AD58,'[1]REFERENSI'!$H$5:$I$13,2,FALSE)," ") | AE58: ADMINISTRASI | AG58: - | AH58: =VLOOKUP(AG58,$BK$6:$BL$19,2,FALSE) -> - | AI58: =IFERROR((AF58+AH58)," ") | BG58: 2002
A59: 62 | B59: SMK 1 | C59: =IFERROR(VLOOKUP(B59,REFERENSI!$C$6:$D$15,2,FALSE)," ") -> 06 | D59: 34 | E59: Tenaga Kependidikan | F59: =IFERROR(VLOOKUP(E59,REFERENSI!$F$5:$G$6,2,FALSE)," ") -> 02 | G59: MUTOHIROTUN NISAK,S.Pd | H59: =IFERROR((M59&" "&P59&O59&" "&C59&" "&F59&" "&D59)," ") -> 19940926 201307 06 02 34 | I59: Trenggalek | J59: 26 | K59: 09 | L59: 1994 | M59: =L59&K59&J59 -> 19940926 | N59: 14 | O59: 07 | P59: 2013 | Q59: 14 | R59: 07 | S59: 2013 | T59: =$E$4-S59 -> 12 | U59: =$E$4-P59 -> 12 | V59: =IF(U59=$E$4," ",U59) -> 12 | W59: =IF(T59=$E$4," ",T59) -> 12 | X59: S1 | Y59: BAHASA INGGRIS | Z59: 2013 | AC59: =IFERROR(VLOOKUP(AD59,'[1]REFERENSI'!$H$5:$I$13,2,FALSE)," ") | AE59: KKPI | AF59: 12 | AG59: - | AH59: =VLOOKUP(AG59,$BK$6:$BL$19,2,FALSE) -> - | AI59: =IFERROR((AF59+AH59)," ") | BG59: 2003
A60: 63 | B60: SMK 1 | C60: =IFERROR(VLOOKUP(B60,REFERENSI!$C$6:$D$15,2,FALSE)," ") -> 06 | E60: Guru | F60: =IFERROR(VLOOKUP(E60,REFERENSI!$F$5:$G$6,2,FALSE)," ") -> 01 | G60: AHMAD YUSUF, S.Pd.I | H60: =IFERROR((M60&" "&P60&O60&" "&C60&" "&F60&" "&D60)," ") -> 19860805 200607 06 01 | I60: Trenggalek | J60: 05 | K60: 08 | L60: 1986 | M60: =L60&K60&J60 -> 19860805 | N60: 17 | O60: 07 | P60: 2006 | Q60: 17 | R60: 07 | S60: 2006 | T60: =$E$4-S60 -> 19 | U60: =$E$4-P60 -> 19 | V60: =IF(U60=$E$4," ",U60) -> 19 | W60: =IF(T60=$E$4," ",T60) -> 19 | X60: S1 | Y60: PAI | Z60: 2009 | AC60: =IFERROR(VLOOKUP(AD60,'[1]REFERENSI'!$H$5:$I$13,2,FALSE)," ") | AE60: Bhs.Indonesia | AF60: 24 | AG60: Kepala Lab. Komputer | AH60: =VLOOKUP(AG60,$BK$6:$BL$19,2,FALSE) -> 12 | AI60: =IFERROR((AF60+AH60)," ") -> 36 | BG60: 2004
A61: 64 | B61: SMK 1 | C61: =IFERROR(VLOOKUP(B61,REFERENSI!$C$6:$D$15,2,FALSE)," ") -> 06 | D61: 59 | E61: Guru | F61: =IFERROR(VLOOKUP(E61,REFERENSI!$F$5:$G$6,2,FALSE)," ") -> 01 | G61: LINARSIH, S.Pd | H61: =IFERROR((M61&" "&P61&O61&" "&C61&" "&F61&" "&D61)," ") -> 19690508 199507 06 01 59 | I61: Trenggalek | J61: 08 | K61: 05 | L61: 1969 | M61: =L61&K61&J61 -> 19690508 | N61: 18 | O61: 07 | P61: 1995 | Q61: 18 | R61: 07 | S61: 1995 | T61: =$E$4-S61 -> 30 | U61: =$E$4-P61 -> 30 | V61: =IF(U61=$E$4," ",U61) -> 30 | W61: =IF(T61=$E$4," ",T61) -> 30 | X61: S1 | Y61: Bhs.INDONESIA | Z61: 1994 | AA61: SUDAH | AB61: GURU DEWASA | AC61: =IFERROR(VLOOKUP(AD61,'[1]REFERENSI'!$H$5:$I$13,2,FALSE)," ") | AD61: IV A | AG61: Waka Kesiswaan | AH61: =VLOOKUP(AG61,$BK$6:$BL$19,2,FALSE) -> 12 | AI61: =IFERROR((AF61+AH61)," ") -> 12 | AJ61: SUDAH | AK61: 2010 | AL61: 101488912013 | BG61: 2005
A62: 65 | B62: SMK 1 | C62: =IFERROR(VLOOKUP(B62,REFERENSI!$C$6:$D$15,2,FALSE)," ") -> 06 | E62: Guru | F62: =IFERROR(VLOOKUP(E62,REFERENSI!$F$5:$G$6,2,FALSE)," ") -> 01 | G62: NUR MAWADAH,S.Pd | H62: =IFERROR((M62&" "&P62&O62&" "&C62&" "&F62&" "&D62)," ") -> 19940426 201307 06 01 | I62: Trenggalek | J62: 26 | K62: 04 | L62: 1994 | M62: =L62&K62&J62 -> 19940426 | N62: 14 | O62: 07 | P62: 2013 | Q62: 14 | R62: 07 | S62: 2013 | T62: =$E$4-S62 -> 12 | U62: =$E$4-P62 -> 12 | V62: =IF(U62=$E$4," ",U62) -> 12 | W62: =IF(T62=$E$4," ",T62) -> 12 | X62: S1 | Y62: BAHASA INGGRIS | Z62: 2009 | AC62: =IFERROR(VLOOKUP(AD62,'[1]REFERENSI'!$H$5:$I$13,2,FALSE)," ") | AE62: kwu | AG62: - | AH62: =VLOOKUP(AG62,$BK$6:$BL$19,2,FALSE) -> - | AI62: =IFERROR((AF62+AH62)," ") | BG62: 2006
A63: 66 | B63: SMK 1 | C63: =IFERROR(VLOOKUP(B63,REFERENSI!$C$6:$D$15,2,FALSE)," ") -> 06 | D63: 07 | E63: Guru | F63: =IFERROR(VLOOKUP(E63,REFERENSI!$F$5:$G$6,2,FALSE)," ") -> 01 | G63: WIJIARSO, S.E | H63: =IFERROR((M63&" "&P63&O63&" "&C63&" "&F63&" "&D63)," ") -> 19791222 200807 06 01 07 | I63: Trenggalek | J63: 22 | K63: 12 | L63: 1979 | M63: =L63&K63&J63 -> 19791222 | N63: 16 | O63: 07 | P63: 2008 | Q63: 16 | R63: 07 | S63: 2008 | T63: =$E$4-S63 -> 17 | U63: =$E$4-P63 -> 17 | V63: =IF(U63=$E$4," ",U63) -> 17 | W63: =IF(T63=$E$4," ",T63) -> 17 | X63: S1 | Y63: Ekonomi | Z63: 2003 | AC63: =IFERROR(VLOOKUP(AD63,'[1]REFERENSI'!$H$5:$I$13,2,FALSE)," ") | AG63: - | AH63: =VLOOKUP(AG63,$BK$6:$BL$19,2,FALSE) -> - | AI63: =IFERROR((AF63+AH63)," ") | BG63: 2007
A64: 67 | B64: SMK 1 | C64: =IFERROR(VLOOKUP(B64,REFERENSI!$C$6:$D$15,2,FALSE)," ") -> 06 | D64: 34 | E64: Guru | F64: =IFERROR(VLOOKUP(E64,REFERENSI!$F$5:$G$6,2,FALSE)," ") -> 01 | G64: AHMAD SHOFAUL NGABIDIN, S.Pd. | H64: =IFERROR((M64&" "&P64&O64&" "&C64&" "&F64&" "&D64)," ") -> 19941206 201307 06 01 34 | I64: Trenggalek | J64: 06 | K64: 12 | L64: 1994 | M64: =L64&K64&J64 -> 19941206 | N64: 14 | O64: 07 | P64: 2013 | Q64: 14 | R64: 07 | S64: 2013 | T64: =$E$4-S64 -> 12 | U64: =$E$4-P64 -> 12 | V64: =IF(U64=$E$4," ",U64) -> 12 | W64: =IF(T64=$E$4," ",T64) -> 12 | X64: S1 | Y64: PAI | Z64: 2013 | AC64: =IFERROR(VLOOKUP(AD64,'[1]REFERENSI'!$H$5:$I$13,2,FALSE)," ") | AG64: - | AH64: =VLOOKUP(AG64,$BK$6:$BL$19,2,FALSE) -> - | AI64: =IFERROR((AF64+AH64)," ") | BG64: 2008
A65: 68 | B65: SMK 1 | C65: =IFERROR(VLOOKUP(B65,REFERENSI!$C$6:$D$15,2,FALSE)," ") -> 06 | D65: 54 | E65: Guru | F65: =IFERROR(VLOOKUP(E65,REFERENSI!$F$5:$G$6,2,FALSE)," ") -> 01 | G65: Drs. PAMUJI | H65: =IFERROR((M65&" "&P65&O65&" "&C65&" "&F65&" "&D65)," ") -> 19660121 198707 06 01 54 | I65: Trenggalek | J65: 21 | K65: 01 | L65: 1966 | M65: =L65&K65&J65 -> 19660121 | N65: 18 | O65: 07 | P65: 1987 | Q65: 18 | R65: 07 | S65: 1987 | T65: 27 | U65: 27 | V65: 27 | W65: 27 | X65: S1 | Y65: Matematika | Z65: 1992 | AA65: SUDAH | AC65: WA / Pembina | AE65: Matematika | AL65: 082285397003 | AM65: 9453738641200002 | BG65: 2009
A66: 70 | B66: SMK 1 | C66: =IFERROR(VLOOKUP(B66,REFERENSI!$C$6:$D$15,2,FALSE)," ") -> 06 | D66: 07 | E66: Guru | F66: =IFERROR(VLOOKUP(E66,REFERENSI!$F$5:$G$6,2,FALSE)," ") -> 01 | G66: TOMY BAYU PUTRANTO, S.Pd | H66: =IFERROR((M66&" I4 "&P66&O66&" "&C66&" "&F66&" "&D66)," ") -> 19860716 I4 201207 06 01 07 | I66: Pacitan | J66: 16 | K66: 07 | L66: 1986 | M66: =L66&K66&J66 -> 19860716 | N66: 01 | O66: 07 | P66: 2012 | Q66: 01 | R66: 07 | S66: 2012 | T66: 2 | U66: 2 | V66: 2 | W66: 2 | X66: S1 | Y66: Matematika | BG66: 2011
A67: 71 | B67: SMK 1 | C67: =IFERROR(VLOOKUP(B67,REFERENSI!$C$6:$D$15,2,FALSE)," ") -> 06 | E67: Guru | F67: =IFERROR(VLOOKUP(E67,REFERENSI!$F$5:$G$6,2,FALSE)," ") -> 01 | G67: AYU NOVITASARI, S.Pd | H67: =IFERROR((M67&" "&P67&O67&" "&C67&" "&F67&" "&D67)," ") -> 19881118 201307 06 01 | I67: Trenggalek | J67: 18 | K67: 11 | L67: 1988 | M67: =L67&K67&J67 -> 19881118 | N67: 15 | O67: 07 | P67: 2013 | Q67: 15 | R67: 07 | S67: 2013 | T67: 1 | U67: 1 | V67: 1 | W67: 1 | X67: S1 | Y67: Fisika | BG67: 2012
A68: 72 | B68: SMK 2 | C68: =IFERROR(VLOOKUP(B68,REFERENSI!$C$6:$D$15,2,FALSE)," ") -> 07 | D68: 07 | E68: Kepala Sekolah | F68: =IFERROR(VLOOKUP(E68,REFERENSI!$F$5:$G$6,2,FALSE)," ") | G68: SYAIFUL HABIB, SE., M.Pd. | H68: =IFERROR((M68&" "&P68&O68&" "&C68&" "&F68&" "&D68)," ") -> 19860214 201211 07 07 | I68: Trenggalek | J68: 14 | K68: 02 | L68: 1986 | M68: =L68&K68&J68 -> 19860214 | N68: 05 | O68: 11 | P68: 2012 | Q68: 05 | R68: 11 | S68: 2012 | T68: =$E$4-S68 -> 13 | U68: =$E$4-P68 -> 13 | V68: =IF(U68=$E$4," ",U68) -> 13 | W68: =IF(T68=$E$4," ",T68) -> 13 | X68: S2 | Y68: Manajemen Pendidikan Islam | Z68: 2023 | AA68: BELUM | AC68: =IFERROR(VLOOKUP(AD68,'[1]REFERENSI'!$H$5:$I$13,2,FALSE)," ") | AE68: Prakarya, Ta'lim | AF68: 12 | AG68: Kepala Sekolah | AH68: =VLOOKUP(AG68,$BK$6:$BL$19,2,FALSE) -> 18 | AI68: =IFERROR((AF68+AH68)," ") -> 30 | BG68: 2013
A69: 73 | B69: SMK 2 | C69: =IFERROR(VLOOKUP(B69,REFERENSI!$C$6:$D$15,2,FALSE)," ") -> 07 | D69: 52 | E69: Guru | F69: =IFERROR(VLOOKUP(E69,REFERENSI!$F$5:$G$6,2,FALSE)," ") -> 01 | G69: Dra. SITI MARFU'AH | H69: =IFERROR((M69&" "&P69&O69&" "&C69&" "&F69&" "&D69)," ") -> 19650417 199007 07 01 52 | I69: Trenggalek | J69: 17 | K69: 04 | L69: 1965 | M69: =L69&K69&J69 -> 19650417 | N69: 16 | O69: 07 | P69: 1990 | Q69: 18 | R69: 07 | S69: 1995 | T69: =$E$4-S69 -> 30 | U69: =$E$4-P69 -> 35 | V69: =IF(U69=$E$4," ",U69) -> 35 | W69: =IF(T69=$E$4," ",T69) -> 30 | X69: S1 | Y69: Pendidikan Agama Islam | Z69: 1991 | AA69: SUDAH | AB69: GURU DEWASA | AC69: =IFERROR(VLOOKUP(AD69,'[1]REFERENSI'!$H$5:$I$13,2,FALSE)," ") | AD69: III D | AE69: Ekonomi/IPS | AF69: 12 | AG69: Waka Humas | AH69: =VLOOKUP(AG69,$BK$6:$BL$19,2,FALSE) -> 12 | AI69: =IFERROR((AF69+AH69)," ") -> 24 | AJ69: SUDAH | AK69: 2008 | AL69: 082086892004 | AM69: 4749743646300010 | BG69: 2014
A70: 74 | B70: SMK 2 | C70: =IFERROR(VLOOKUP(B70,REFERENSI!$C$6:$D$15,2,FALSE)," ") -> 07 | D70: 59 | E70: Guru | F70: =IFERROR(VLOOKUP(E70,REFERENSI!$F$5:$G$6,2,FALSE)," ") -> 01 | G70: HERU SANTOSO, S.Pd | H70: =IFERROR((M70&" "&P70&O70&" "&C70&" "&F70&" "&D70)," ") -> 19651218 199507 07 01 59 | I70: Trenggalek | J70: 18 | K70: 12 | L70: 1965 | M70: =L70&K70&J70 -> 19651218 | N70: 01 | O70: 07 | P70: 1995 | Q70: 01 | R70: 07 | S70: 1995 | T70: =$E$4-S70 -> 30 | U70: =$E$4-P70 -> 30 | V70: =IF(U70=$E$4," ",U70) -> 30 | W70: =IF(T70=$E$4," ",T70) -> 30 | X70: S1 | Y70: PDU Koperasi | Z70: 1993 | AC70: =IFERROR(VLOOKUP(AD70,'[1]REFERENSI'!$H$5:$I$13,2,FALSE)," ") | AE70: Membuat Pola, Busana Wanita, Memilih Bahan, Mengawasi mutu busana | AF70: 16 | AG70: - | AH70: =VLOOKUP(AG70,$BK$6:$BL$19,2,FALSE) -> - | AI70: =IFERROR((AF70+AH70)," ") | AJ70: SUDAH | AK70: 2011 | AM70: 7550743646200013 | BG70: 2015
A71: 75 | B71: SMK 2 | C71: =IFERROR(VLOOKUP(B71,REFERENSI!$C$6:$D$15,2,FALSE)," ") -> 07 | D71: 52 | E71: Guru | F71: =IFERROR(VLOOKUP(E71,REFERENSI!$F$5:$G$6,2,FALSE)," ") -> 01 | G71: Drs. AMIN THOHARI, S.Pd | H71: =IFERROR((M71&" "&P71&O71&" "&C71&" "&F71&" "&D71)," ") -> 19681008 199007 07 01 52 | I71: Trenggalek | J71: 08 | K71: 10 | L71: 1968 | M71: =L71&K71&J71 -> 19681008 | N71: 18 | O71: 07 | P71: 1990 | Q71: 18 | R71: 07 | S71: 1995 | T71: =$E$4-S71 -> 30 | U71: =$E$4-P71 -> 35 | V71: =IF(U71=$E$4," ",U71) -> 35 | W71: =IF(T71=$E$4," ",T71) -> 30 | X71: S1 | Y71: Pendidikan Jasmani Kesehatan dan Rekreasi | Z71: 1992 | AA71: SUDAH | AB71: GURU DEWASA | AC71: =IFERROR(VLOOKUP(AD71,'[1]REFERENSI'!$H$5:$I$13,2,FALSE)," ") | AD71: III D | AE71: Penjasorkes | AF71: 12 | AG71: Waka Sarana Prasarana | AH71: =VLOOKUP(AG71,$BK$6:$BL$19,2,FALSE) -> 12 | AI71: =IFERROR((AF71+AH71)," ") -> 24 | AJ71: SUDAH | AK71: 2008 | AL71: 081738901007 | AM71: 2340746648200013 | BG71: 2016
A72: 76 | B72: SMK 2 | C72: =IFERROR(VLOOKUP(B72,REFERENSI!$C$6:$D$15,2,FALSE)," ") -> 07 | D72: 64 | E72: Guru | F72: =IFERROR(VLOOKUP(E72,REFERENSI!$F$5:$G$6,2,FALSE)," ") -> 01 | G72: JUMROHTU UMAMI, S.Pd | H72: =IFERROR((M72&" "&P72&O72&" "&C72&" "&F72&" "&D72)," ") -> 19730419 199707 07 01 64 | I72: Trenggalek | J72: 19 | K72: 04 | L72: 1973 | M72: =L72&K72&J72 -> 19730419 | N72: 01 | O72: 07 | P72: 1997 | Q72: 01 | R72: 07 | S72: 1997 | T72: =$E$4-S72 -> 28 | U72: =$E$4-P72 -> 28 | V72: =IF(U72=$E$4," ",U72) -> 28 | W72: =IF(T72=$E$4," ",T72) -> 28 | X72: S1 | Y72: Pendidikan Dunia Usaha/Administrasi Perkantoran | Z72: 1996 | AA72: SUDAH | AB72: GURU DEWASA | AC72: =IFERROR(VLOOKUP(AD72,'[1]REFERENSI'!$H$5:$I$13,2,FALSE)," ") | AD72: III C | AE72: Peralatan kantor, menangani surat, mengelola sistem kearsipan, membuat dokumen | AF72: 16 | AG72: - | AH72: =VLOOKUP(AG72,$BK$6:$BL$19,2,FALSE) -> - | AI72: =IFERROR((AF72+AH72)," ") | AJ72: SUDAH | AK72: 2012 | AL72: 125391844001 | AM72: 1751751651300002 | BG72: 2017
A73: 77 | B73: SMK 2 | C73: =IFERROR(VLOOKUP(B73,REFERENSI!$C$6:$D$15,2,FALSE)," ") -> 07 | D73: 68 | E73: Guru | F73: =IFERROR(VLOOKUP(E73,REFERENSI!$F$5:$G$6,2,FALSE)," ") -> 01 | G73: AINUN GHONIMAH, M.Pd. | H73: =IFERROR((M73&" "&P73&O73&" "&C73&" "&F73&" "&D73)," ") -> 19760226 200107 07 01 68 | I73: Trenggalek | J73: 26 | K73: 02 | L73: 1976 | M73: =L73&K73&J73 -> 19760226 | N73: 18 | O73: 07 | P73: 2001 | Q73: 18 | R73: 07 | S73: 2001 | T73: =$E$4-S73 -> 24 | U73: =$E$4-P73 -> 24 | V73: =IF(U73=$E$4," ",U73) -> 24 | W73: =IF(T73=$E$4," ",T73) -> 24 | X73: S2 | Y73: Manajemen Pendidikan Islam | Z73: 2020 | AC73: =IFERROR(VLOOKUP(AD73,'[1]REFERENSI'!$H$5:$I$13,2,FALSE)," ") | AE73: Pendidikan Agama Islam | AF73: 12 | AG73: Waka Kesiswaan | AH73: =VLOOKUP(AG73,$BK$6:$BL$19,2,FALSE) -> 12 | AI73: =IFERROR((AF73+AH73)," ") -> 24 | AJ73: SUDAH | AK73: 2009 | AL73: 091335957007 | AM73: 1558754655300012 | BG73: 2018
A74: 79 | B74: SMK 2 | C74: =IFERROR(VLOOKUP(B74,REFERENSI!$C$6:$D$15,2,FALSE)," ") -> 07 | D74: 01 | E74: Guru | F74: =IFERROR(VLOOKUP(E74,REFERENSI!$F$5:$G$6,2,FALSE)," ") -> 01 | G74: HARI WIJAYANTI, S.Pd | H74: =IFERROR((M74&" "&P74&O74&" "&C74&" "&F74&" "&D74)," ") -> 19830501 200707 07 01 01 | I74: Trenggalek | J74: 01 | K74: 05 | L74: 1983 | M74: =L74&K74&J74 -> 19830501 | N74: 16 | O74: 07 | P74: 2007 | Q74: 16 | R74: 07 | S74: 2007 | T74: =$E$4-S74 -> 18 | U74: =$E$4-P74 -> 18 | V74: =IF(U74=$E$4," ",U74) -> 18 | W74: =IF(T74=$E$4," ",T74) -> 18 | X74: S1 | Y74: Pendidikan Akuntansi | Z74: 2005 | AC74: =IFERROR(VLOOKUP(AD74,'[1]REFERENSI'!$H$5:$I$13,2,FALSE)," ") | AE74: Aplikasi presentasi,prosedur administrasi,mengelola pertemuan,menggandakan dokumen,mengelola perjalanan bisnis,aplikasi administrasi ditempat kerja | AF74: 24 | AG74: - | AH74: =VLOOKUP(AG74,$BK$6:$BL$19,2,FALSE) -> - | AI74: =IFERROR((AF74+AH74)," ") | AM74: 3437761662300062 | BG74: 2020
A75: 82 | B75: SMK 2 | C75: =IFERROR(VLOOKUP(B75,REFERENSI!$C$6:$D$15,2,FALSE)," ") -> 07 | D75: 63 | E75: Guru | F75: =IFERROR(VLOOKUP(E75,REFERENSI!$F$5:$G$6,2,FALSE)," ") -> 01 | G75: TRI HARTINI, S.Pd | H75: =IFERROR((M75&" "&P75&O75&" "&C75&" "&F75&" "&D75)," ") -> 19890131 201007 07 01 63 | I75: Trenggalek | J75: 31 | K75: 01 | L75: 1989 | M75: =L75&K75&J75 -> 19890131 | N75: 12 | O75: 07 | P75: 2010 | Q75: 11 | R75: 07 | S75: 2010 | T75: =$E$4-S75 -> 15 | U75: =$E$4-P75 -> 15 | V75: =IF(U75=$E$4," ",U75) -> 15 | W75: =IF(T75=$E$4," ",T75) -> 15 | X75: S1 | Y75: Pendidikan Matematika | Z75: 2011 | AC75: =IFERROR(VLOOKUP(AD75,'[1]REFERENSI'!$H$5:$I$13,2,FALSE)," ") | AE75: Matematika | AF75: 27 | AG75: - | AH75: =VLOOKUP(AG75,$BK$6:$BL$19,2,FALSE) -> - | AI75: =IFERROR((AF75+AH75)," ")
A76: 84 | B76: SMK 2 | C76: =IFERROR(VLOOKUP(B76,REFERENSI!$C$6:$D$15,2,FALSE)," ") -> 07 | D76: 34 | E76: Guru | F76: =IFERROR(VLOOKUP(E76,REFERENSI!$F$5:$G$6,2,FALSE)," ") -> 01 | G76: SUSTI ARISTA, S.Pd | H76: =IFERROR((M76&" "&P76&O76&" "&C76&" "&F76&" "&D76)," ") -> 19900311 201307 07 01 34 | I76: Trenggalek | J76: 11 | K76: 03 | L76: 1990 | M76: =L76&K76&J76 -> 19900311 | N76: 16 | O76: 07 | P76: 2013 | Q76: 16 | R76: 07 | S76: 2013 | T76: =$E$4-S76 -> 12 | U76: =$E$4-P76 -> 12 | V76: =IF(U76=$E$4," ",U76) -> 12 | W76: =IF(T76=$E$4," ",T76) -> 12 | X76: S1 | Y76: Pendidikan Bahasa dan Sastra Indonesia | Z76: 2012 | AC76: =IFERROR(VLOOKUP(AD76,'[1]REFERENSI'!$H$5:$I$13,2,FALSE)," ") | AE76: Bahasa Indonesia, Bahasa Jawa | AF76: 18 | AG76: - | AH76: =VLOOKUP(AG76,$BK$6:$BL$19,2,FALSE) -> - | AI76: =IFERROR((AF76+AH76)," ")
A77: 86 | B77: SMK 2 | C77: =IFERROR(VLOOKUP(B77,REFERENSI!$C$6:$D$15,2,FALSE)," ") -> 07 | D77: 74 | E77: Guru | F77: =IFERROR(VLOOKUP(E77,REFERENSI!$F$5:$G$6,2,FALSE)," ") -> 01 | G77: ATIS TIA MAHARANI, S.Pd | H77: =IFERROR((M77&" "&P77&O77&" "&C77&" "&F77&" "&D77)," ") -> 19880525 201207 07 01 74 | I77: Bojonegoro | J77: 25 | K77: 05 | L77: 1988 | M77: =L77&K77&J77 -> 19880525 | N77: 9 | O77: 07 | P77: 2012 | Q77: 09 | R77: 07 | S77: 2012 | T77: =$E$4-S77 -> 13 | U77: =$E$4-P77 -> 13 | V77: =IF(U77=$E$4," ",U77) -> 13 | W77: =IF(T77=$E$4," ",T77) -> 13 | X77: S1 | Y77: Bimbingan Konseling | Z77: 2011 | AC77: =IFERROR(VLOOKUP(AD77,'[1]REFERENSI'!$H$5:$I$13,2,FALSE)," ") | AE77: Pengembangan Diri | AF77: 5 | AG77: - | AH77: =VLOOKUP(AG77,$BK$6:$BL$19,2,FALSE) -> - | AI77: =IFERROR((AF77+AH77)," ")
A78: 87 | B78: SMK 2 | C78: =IFERROR(VLOOKUP(B78,REFERENSI!$C$6:$D$15,2,FALSE)," ") -> 07 | D78: 81 | E78: Tenaga Kependidikan | F78: =IFERROR(VLOOKUP(E78,REFERENSI!$F$5:$G$6,2,FALSE)," ") -> 02 | G78: HADIQUN NUHA A,Ma | H78: =IFERROR((M78&" "&P78&O78&" "&C78&" "&F78&" "&D78)," ") -> 19840818 200407 07 02 81 | I78: Trenggalek | J78: 18 | K78: 08 | L78: 1984 | M78: =L78&K78&J78 -> 19840818 | N78: 17 | O78: 07 | P78: 2004 | Q78: 17 | R78: 07 | S78: 2004 | T78: =$E$4-S78 -> 21 | U78: =$E$4-P78 -> 21 | V78: =IF(U78=$E$4," ",U78) -> 21 | W78: =IF(T78=$E$4," ",T78) -> 21 | X78: D II | Y78: PGSD/PGMI | Z78: 2006 | AC78: =IFERROR(VLOOKUP(AD78,'[1]REFERENSI'!$H$5:$I$13,2,FALSE)," ") | AG78: Kepala Tata Usaha | AH78: =VLOOKUP(AG78,$BK$6:$BL$19,2,FALSE) -> - | AI78: =IFERROR((AF78+AH78)," ") | AM78: 6150763665200020
A79: 88 | B79: SMK 2 | C79: =IFERROR(VLOOKUP(B79,REFERENSI!$C$6:$D$15,2,FALSE)," ") -> 07 | E79: Guru | F79: =IFERROR(VLOOKUP(E79,REFERENSI!$F$5:$G$6,2,FALSE)," ") -> 01 | G79: DWI NUR INDAHSARI, S.Pd | H79: =IFERROR((M79&" "&P79&O79&" "&C79&" "&F79&" "&D79)," ") -> 19910807 201007 07 01 | I79: Trenggalek | J79: 07 | K79: 08 | L79: 1991 | M79: =L79&K79&J79 -> 19910807 | N79: 12 | O79: 07 | P79: 2010 | Q79: 12 | R79: 07 | S79: 2010 | T79: =$E$4-S79 -> 15 | U79: =$E$4-P79 -> 15 | V79: =IF(U79=$E$4," ",U79) -> 15 | W79: =IF(T79=$E$4," ",T79) -> 15 | X79: S1 | Y79: Pendidikan Bahasa Inggris | Z79: 2010 | AC79: =IFERROR(VLOOKUP(AD79,'[1]REFERENSI'!$H$5:$I$13,2,FALSE)," ") | AG79: - | AH79: =VLOOKUP(AG79,$BK$6:$BL$19,2,FALSE) -> - | AI79: =IFERROR((AF79+AH79)," ")
A80: 89 | B80: SMK 2 | C80: =IFERROR(VLOOKUP(B80,REFERENSI!$C$6:$D$15,2,FALSE)," ") -> 07 | D80: 15 | E80: Guru | F80: =IFERROR(VLOOKUP(E80,REFERENSI!$F$5:$G$6,2,FALSE)," ") -> 01 | G80: NURPUJI ASTUTI, S.Pd | H80: =IFERROR((M80&" "&P80&O80&" "&C80&" "&F80&" "&D80)," ") -> 19901114 200907 07 01 15 | I80: Trenggalek | J80: 14 | K80: 11 | L80: 1990 | M80: =L80&K80&J80 -> 19901114 | N80: 13 | O80: 07 | P80: 2009 | Q80: 12 | R80: 02 | S80: 2011 | T80: =$E$4-S80 -> 14 | U80: =$E$4-P80 -> 16 | V80: =IF(U80=$E$4," ",U80) -> 16 | W80: =IF(T80=$E$4," ",T80) -> 14 | X80: S1 | Y80: Pendiddikan Matematika | Z80: 2013 | AC80: =IFERROR(VLOOKUP(AD80,'[1]REFERENSI'!$H$5:$I$13,2,FALSE)," ") | AG80: - | AH80: =VLOOKUP(AG80,$BK$6:$BL$19,2,FALSE) -> - | AI80: =IFERROR((AF80+AH80)," ")
A81: 90 | B81: SMK 2 | C81: =IFERROR(VLOOKUP(B81,REFERENSI!$C$6:$D$15,2,FALSE)," ") -> 07 | D81: 75 | E81: Guru | F81: =IFERROR(VLOOKUP(E81,REFERENSI!$F$5:$G$6,2,FALSE)," ") -> 01 | G81: BINTI ANIYAH, S.Pd.I | H81: =IFERROR((M81&" "&P81&O81&" "&C81&" "&F81&" "&D81)," ") -> 19880727 201307 07 01 75 | I81: Blitar | J81: 27 | K81: 07 | L81: 1988 | M81: =L81&K81&J81 -> 19880727 | N81: 07 | O81: 07 | P81: 2013 | Q81: 07 | R81: 07 | S81: 2013 | T81: =$E$4-S81 -> 12 | U81: =$E$4-P81 -> 12 | V81: =IF(U81=$E$4," ",U81) -> 12 | W81: =IF(T81=$E$4," ",T81) -> 12 | X81: S1 | Y81: Tadris Bahasa Inggris | Z81: 2012 | AC81: =IFERROR(VLOOKUP(AD81,'[1]REFERENSI'!$H$5:$I$13,2,FALSE)," ") | AG81: - | AH81: =VLOOKUP(AG81,$BK$6:$BL$19,2,FALSE) -> - | AI81: =IFERROR((AF81+AH81)," ")
A82: 92 | B82: MA | C82: =IFERROR(VLOOKUP(B82,REFERENSI!$C$6:$D$15,2,FALSE)," ") -> 05 | D82: 01 | E82: Guru | F82: =IFERROR(VLOOKUP(E82,REFERENSI!$F$5:$G$6,2,FALSE)," ") -> 01 | G82: Drs. WAGIMAN | H82: =IFERROR((M82&" "&P82&O82&" "&C82&" "&F82&" "&D82)," ") -> 19581030 198407 05 01 01 | I82: Trenggalek | J82: 30 | K82: 10 | L82: 1958 | M82: =L82&K82&J82 -> 19581030 | N82: 19 | O82: 07 | P82: 1984 | Q82: 19 | R82: 07 | S82: 1984 | T82: =$E$4-S82 -> 41 | U82: =$E$4-P82 -> 41 | V82: =IF(U82=$E$4," ",U82) -> 41 | W82: =IF(T82=$E$4," ",T82) -> 41 | X82: S1 | Y82: PENDIDIKAN AGAMA ISLAM | Z82: 1991 | AA82: BELUM | AE82: QUR'AN HADITS | AF82: 4 | AG82: - | AH82: =VLOOKUP(AG82,$BK$6:$BL$19,2,FALSE) -> - | AI82: =IFERROR((AF82+AH82)," ") | AJ82: SUDAH | AM82: 1362736652200003
A83: 93 | B83: MA | C83: =IFERROR(VLOOKUP(B83,REFERENSI!$C$6:$D$15,2,FALSE)," ") -> 05 | D83: 02 | E83: Guru | F83: =IFERROR(VLOOKUP(E83,REFERENSI!$F$5:$G$6,2,FALSE)," ") -> 01 | G83: MUJIONO, S. Pd | H83: =IFERROR((M83&" "&P83&O83&" "&C83&" "&F83&" "&D83)," ") -> 19650416 198907 05 01 02 | I83: Trenggalek | J83: 16 | K83: 04 | L83: 1965 | M83: =L83&K83&J83 -> 19650416 | N83: 01 | O83: 07 | P83: 1989 | Q83: 01 | R83: 07 | S83: 1989 | T83: =$E$4-S83 -> 36 | U83: =$E$4-P83 -> 36 | V83: =IF(U83=$E$4," ",U83) -> 36 | W83: =IF(T83=$E$4," ",T83) -> 36 | X83: S1 | Y83: PENDIDIKAN BAHASA INDONESIA | Z83: 2001 | AA83: SUDAH | AB83: GURU DEWASA | AC83: PEMBINA | AD83: IV A | AE83: BAHASA INDONESIA | AF83: 12 | AG83: Waka Humas | AH83: =VLOOKUP(AG83,$BK$6:$BL$19,2,FALSE) -> 12 | AI83: =IFERROR((AF83+AH83)," ") -> 24 | AJ83: SUDAH | AK83: 2008 | AL83: 000240017423 | AM83: 1748743645200002
A84: 94 | B84: MA | C84: =IFERROR(VLOOKUP(B84,REFERENSI!$C$6:$D$15,2,FALSE)," ") -> 05 | D84: 03 | E84: Guru | F84: =IFERROR(VLOOKUP(E84,REFERENSI!$F$5:$G$6,2,FALSE)," ") -> 01 | G84: Drs. SUWITO | H84: =IFERROR((M84&" "&P84&O84&" "&C84&" "&F84&" "&D84)," ") -> 19660127 199107 05 01 03 | I84: Trenggalek | J84: 27 | K84: 01 | L84: 1966 | M84: =L84&K84&J84 -> 19660127 | N84: 20 | O84: 07 | P84: 1991 | Q84: 20 | R84: 07 | S84: 1991 | T84: =$E$4-S84 -> 34 | U84: =$E$4-P84 -> 34 | V84: =IF(U84=$E$4," ",U84) -> 34 | W84: =IF(T84=$E$4," ",T84) -> 34 | X84: S1 | Y84: PENDIDIKAN EKONOMI | Z84: 1991 | AA84: SUDAH | AB84: GURU DEWASA | AC84: PEMBINA | AD84: IV A | AE84: EKONOMI | AF84: 26 | AG84: - | AH84: =VLOOKUP(AG84,$BK$6:$BL$19,2,FALSE) -> - | AI84: =IFERROR((AF84+AH84)," ") | AJ84: SUDAH | AK84: 2008 | AL84: 000230017429 | AM84: 6459744646200002
A85: 95 | B85: MA | C85: =IFERROR(VLOOKUP(B85,REFERENSI!$C$6:$D$15,2,FALSE)," ") -> 05 | D85: 04 | E85: Guru | F85: =IFERROR(VLOOKUP(E85,REFERENSI!$F$5:$G$6,2,FALSE)," ") -> 01 | G85: MUSLIHUN, S. Ag | H85: =IFERROR((M85&" "&P85&O85&" "&C85&" "&F85&" "&D85)," ") -> 19680403 199307 05 01 04 | I85: WARINGINSARI | J85: 03 | K85: 04 | L85: 1968 | M85: =L85&K85&J85 -> 19680403 | N85: 19 | O85: 07 | P85: 1993 | Q85: 19 | R85: 07 | S85: 1993 | T85: =$E$4-S85 -> 32 | U85: =$E$4-P85 -> 32 | V85: =IF(U85=$E$4," ",U85) -> 32 | W85: =IF(T85=$E$4," ",T85) -> 32 | X85: S1 | Y85: PENDIDIKAN AGAMA ISLAM | Z85: 1993 | AA85: SUDAH | AB85: GURU DEWASA | AC85: PEMBINA | AD85: IV A | AE85: AL-QUR'AN HADITS DAN FIQIH | AF85: 20 | AG85: Waka Kurikulum | AH85: =VLOOKUP(AG85,$BK$6:$BL$19,2,FALSE) -> 12 | AI85: =IFERROR((AF85+AH85)," ") -> 32 | AJ85: SUDAH | AK85: 2008 | AL85: 000280007295 | AM85: 6735746649200072
A86: 96 | B86: MA | C86: =IFERROR(VLOOKUP(B86,REFERENSI!$C$6:$D$15,2,FALSE)," ") -> 05 | D86: 05 | E86: Guru | F86: =IFERROR(VLOOKUP(E86,REFERENSI!$F$5:$G$6,2,FALSE)," ") -> 01 | G86: LAINEM, S. Ag | H86: =IFERROR((M86&" "&P86&O86&" "&C86&" "&F86&" "&D86)," ") -> 19660322 200307 05 01 05 | I86: Trenggalek | J86: 22 | K86: 03 | L86: 1966 | M86: =L86&K86&J86 -> 19660322 | N86: 17 | O86: 07 | P86: 2003 | Q86: 17 | R86: 07 | S86: 2003 | T86: =$E$4-S86 -> 22 | U86: =$E$4-P86 -> 22 | V86: =IF(U86=$E$4," ",U86) -> 22 | W86: =IF(T86=$E$4," ",T86) -> 22 | X86: S1 | Y86: PENDIDIKAN AGAMA ISLAM | Z86: 1993 | AA86: SUDAH | AB86: GURU MADYA | AC86: PENATA TK. I | AD86: III D | AE86: AQIDAH AKHLAK, SKI, SEJARAH | AF86: 20 | AG86: Kepala Perpustakaan | AH86: =VLOOKUP(AG86,$BK$6:$BL$19,2,FALSE) -> 12 | AI86: =IFERROR((AF86+AH86)," ") -> 32 | AJ86: SUDAH | AK86: 2012 | AL86: 122352135018 | AM86: 5654744646300002
A87: 97 | B87: MA | C87: =IFERROR(VLOOKUP(B87,REFERENSI!$C$6:$D$15,2,FALSE)," ") -> 05 | D87: 06 | E87: Guru | F87: =IFERROR(VLOOKUP(E87,REFERENSI!$F$5:$G$6,2,FALSE)," ") -> 01 | G87: HADI MUHTAROM, A. Md | H87: =IFERROR((M87&" "&P87&O87&" "&C87&" "&F87&" "&D87)," ") -> 19830915 200307 05 01 06 | I87: Trenggalek | J87: 15 | K87: 09 | L87: 1983 | M87: =L87&K87&J87 -> 19830915 | N87: 19 | O87: 07 | P87: 2003 | Q87: 19 | R87: 07 | S87: 2003 | T87: =$E$4-S87 -> 22 | U87: =$E$4-P87 -> 22 | V87: =IF(U87=$E$4," ",U87) -> 22 | W87: =IF(T87=$E$4," ",T87) -> 22 | X87: D III | Y87: TEKNIK ELEKTRONIKA | Z87: 2010 | AA87: BELUM | AE87: TEKNOLOGI INFORMASI DAN KOMUNIKASI | AF87: 24 | AG87: Kepala Lab. Komputer | AH87: =VLOOKUP(AG87,$BK$6:$BL$19,2,FALSE) -> 12 | AI87: =IFERROR((AF87+AH87)," ") -> 36 | AJ87: BELUM | AM87: 9247761663200003
A88: 98 | B88: MA | C88: =IFERROR(VLOOKUP(B88,REFERENSI!$C$6:$D$15,2,FALSE)," ") -> 05 | D88: 07 | E88: Kepala Sekolah | F88: =IFERROR(VLOOKUP(E88,REFERENSI!$F$5:$G$6,2,FALSE)," ") | G88: KH. AHMAD BAJURI | H88: =IFERROR((M88&" "&P88&O88&" "&C88&" "&F88&" "&D88)," ") -> 19560410 200407 05 07 | I88: BANYUWANGI | J88: 10 | K88: 04 | L88: 1956 | M88: =L88&K88&J88 -> 19560410 | N88: 17 | O88: 07 | P88: 2004 | Q88: 17 | R88: 07 | S88: 2004 | T88: =$E$4-S88 -> 21 | U88: =$E$4-P88 -> 21 | V88: =IF(U88=$E$4," ",U88) -> 21 | W88: =IF(T88=$E$4," ",T88) -> 21 | X88: SLTA | Y88: IPS | Z88: 1989 | AA88: BELUM | AE88: BP/BK | AF88: 24 | AG88: Kepala Madrasah | AH88: =VLOOKUP(AG88,$BK$6:$BL$19,2,FALSE) -> 18 | AI88: =IFERROR((AF88+AH88)," ") -> 42 | AJ88: BELUM | AM88: 1742734647200002
A89: 99 | B89: MA | C89: =IFERROR(VLOOKUP(B89,REFERENSI!$C$6:$D$15,2,FALSE)," ") -> 05 | D89: 08 | E89: Guru | F89: =IFERROR(VLOOKUP(E89,REFERENSI!$F$5:$G$6,2,FALSE)," ") -> 01 | G89: SETYO WAHYUNI, S. Pd | H89: =IFERROR((M89&" "&P89&O89&" "&C89&" "&F89&" "&D89)," ") -> 19801021 200407 05 01 08 | I89: Trenggalek | J89: 21 | K89: 10 | L89: 1980 | M89: =L89&K89&J89 -> 19801021 | N89: 17 | O89: 07 | P89: 2004 | Q89: 17 | R89: 07 | S89: 2004 | T89: =$E$4-S89 -> 21 | U89: =$E$4-P89 -> 21 | V89: =IF(U89=$E$4," ",U89) -> 21 | W89: =IF(T89=$E$4," ",T89) -> 21 | X89: S1 | Y89: PENDIDIKAN GEOGRAFI | Z89: 2004 | AA89: SUDAH | AB89: GURU MADYA | AC89: PENATA MUDA TK. I | AD89: III B | AE89: GEOGRAFI DAN SOSIOLOGI | AF89: 22 | AG89: - | AH89: =VLOOKUP(AG89,$BK$6:$BL$19,2,FALSE) -> - | AI89: =IFERROR((AF89+AH89)," ") | AJ89: SUDAH | AK89: 2010 | AL89: 022289967002 | AM89: 5353758660300013
A90: 102 | B90: MA | C90: =IFERROR(VLOOKUP(B90,REFERENSI!$C$6:$D$15,2,FALSE)," ") -> 05 | D90: 09 | E90: Guru | F90: =IFERROR(VLOOKUP(E90,REFERENSI!$F$5:$G$6,2,FALSE)," ") -> 01 | G90: JUMROTUL ULIYAH, S. Pd I | H90: =IFERROR((M90&" "&P90&O90&" "&C90&" "&F90&" "&D90)," ") -> 19820928 200507 05 01 09 | I90: Trenggalek | J90: 28 | K90: 09 | L90: 1982 | M90: =L90&K90&J90 -> 19820928 | N90: 18 | O90: 07 | P90: 2005 | Q90: 18 | R90: 07 | S90: 2005 | T90: =$E$4-S90 -> 20 | U90: =$E$4-P90 -> 20 | V90: =IF(U90=$E$4," ",U90) -> 20 | W90: =IF(T90=$E$4," ",T90) -> 20 | X90: S1 | Y90: PENDIDIKAN BAHASA ARAB | Z90: 2005 | AA90: SUDAH | AE90: BAHASA ARAB, MUHADATSAH | AF90: 28 | AG90: - | AH90: =VLOOKUP(AG90,$BK$6:$BL$19,2,FALSE) -> - | AI90: =IFERROR((AF90+AH90)," ") | AJ90: SUDAH | AK90: 2013 | AL90: 132392161032 | AM90: 4260760662300013
A91: 103 | B91: MA | C91: =IFERROR(VLOOKUP(B91,REFERENSI!$C$6:$D$15,2,FALSE)," ") -> 05 | D91: 10 | E91: Guru | F91: =IFERROR(VLOOKUP(E91,REFERENSI!$F$5:$G$6,2,FALSE)," ") -> 01 | G91: PENNY WIDJAJANTI, SP | H91: =IFERROR((M91&" "&P91&O91&" "&C91&" "&F91&" "&D91)," ") -> 19790502 200707 05 01 10 | I91: SURABAYA | J91: 02 | K91: 05 | L91: 1979 | M91: =L91&K91&J91 -> 19790502 | N91: 13 | O91: 07 | P91: 2007 | Q91: 13 | R91: 07 | S91: 2007 | T91: =$E$4-S91 -> 18 | U91: =$E$4-P91 -> 18 | V91: =IF(U91=$E$4," ",U91) -> 18 | W91: =IF(T91=$E$4," ",T91) -> 18 | X91: S1 | Y91: SOSIAL EKONOMI PERTANIAN | Z91: 2004 | AA91: BELUM | AE91: BIOLOGI DAN SOSIOLOGI | AF91: 8 | AG91: - | AH91: =VLOOKUP(AG91,$BK$6:$BL$19,2,FALSE) -> - | AI91: =IFERROR((AF91+AH91)," ") | AJ91: BELUM | AM91: 0537757659300042
A92: 104 | B92: MA | C92: =IFERROR(VLOOKUP(B92,REFERENSI!$C$6:$D$15,2,FALSE)," ") -> 05 | D92: 11 | E92: Guru | F92: =IFERROR(VLOOKUP(E92,REFERENSI!$F$5:$G$6,2,FALSE)," ") -> 01 | G92: IMAM HANAFI AHMAD, S. Pd | H92: =IFERROR((M92&" "&P92&O92&" "&C92&" "&F92&" "&D92)," ") -> 19871222 200707 05 01 11 | I92: TRENGGALEK | J92: 22 | K92: 12 | L92: 1987 | M92: =L92&K92&J92 -> 19871222 | N92: 13 | O92: 07 | P92: 2007 | Q92: 13 | R92: 07 | S92: 2007 | T92: =$E$4-S92 -> 18 | U92: =$E$4-P92 -> 18 | V92: =IF(U92=$E$4," ",U92) -> 18 | W92: =IF(T92=$E$4," ",T92) -> 18 | X92: S1 | Y92: BAHASA INGGRIS | Z92: 2011 | AA92: BELUM | AE92: BAHAS INGGRIS | AF92: 4 | AG92: - | AH92: =VLOOKUP(AG92,$BK$6:$BL$19,2,FALSE) -> - | AI92: =IFERROR((AF92+AH92)," ") | AJ92: BELUM | AM92: 1554765668200003
A93: 105 | B93: MA | C93: =IFERROR(VLOOKUP(B93,REFERENSI!$C$6:$D$15,2,FALSE)," ") -> 05 | D93: 12 | E93: Guru | F93: =IFERROR(VLOOKUP(E93,REFERENSI!$F$5:$G$6,2,FALSE)," ") -> 01 | G93: SULISTIANA, ST | H93: =IFERROR((M93&" "&P93&O93&" "&C93&" "&F93&" "&D93)," ") -> 19770624 200707 05 01 12 | I93: TRENGGALEK | J93: 24 | K93: 06 | L93: 1977 | M93: =L93&K93&J93 -> 19770624 | N93: 01 | O93: 07 | P93: 2007 | Q93: 01 | R93: 07 | S93: 2007 | T93: =$E$4-S93 -> 18 | U93: =$E$4-P93 -> 18 | V93: =IF(U93=$E$4," ",U93) -> 18 | W93: =IF(T93=$E$4," ",T93) -> 18 | X93: S1 | Y93: TEKNIK ELEKTRONIKA | Z93: 1999 | AA93: BELUM | AE93: MATEMATIKA | AF93: 24 | AG93: - | AH93: =VLOOKUP(AG93,$BK$6:$BL$19,2,FALSE) -> - | AI93: =IFERROR((AF93+AH93)," ") | AJ93: BELUM | AM93: 3956755656220002
A94: 106 | B94: MA | C94: =IFERROR(VLOOKUP(B94,REFERENSI!$C$6:$D$15,2,FALSE)," ") -> 05 | D94: 13 | E94: Guru | F94: =IFERROR(VLOOKUP(E94,REFERENSI!$F$5:$G$6,2,FALSE)," ") -> 01 | G94: SRI LESTARI, SP | H94: =IFERROR((M94&" "&P94&O94&" "&C94&" "&F94&" "&D94)," ") -> 19730507 200807 05 01 13 | I94: JAKARTA | J94: 07 | K94: 05 | L94: 1973 | M94: =L94&K94&J94 -> 19730507 | N94: 14 | O94: 07 | P94: 2008 | Q94: 14 | R94: 07 | S94: 2008 | T94: =$E$4-S94 -> 17 | U94: =$E$4-P94 -> 17 | V94: =IF(U94=$E$4," ",U94) -> 17 | W94: =IF(T94=$E$4," ",T94) -> 17 | X94: S1 | Y94: AGRO TEKNOLOGI | Z94: 2011 | AA94: BELUM | AE94: BAHASA INGGRIS | AF94: 8 | AG94: - | AH94: =VLOOKUP(AG94,$BK$6:$BL$19,2,FALSE) -> - | AI94: =IFERROR((AF94+AH94)," ") | AJ94: BELUM | AM94: 2839751652220002
A95: 107 | B95: MA | C95: =IFERROR(VLOOKUP(B95,REFERENSI!$C$6:$D$15,2,FALSE)," ") -> 05 | D95: 14 | E95: Guru | F95: =IFERROR(VLOOKUP(E95,REFERENSI!$F$5:$G$6,2,FALSE)," ") -> 01 | G95: ZAHROH ANISAK, S. Pd. I | H95: =IFERROR((M95&" "&P95&O95&" "&C95&" "&F95&" "&D95)," ") -> 19800830 200907 05 01 14 | I95: TRENGGALEK | J95: 30 | K95: 08 | L95: 1980 | M95: =L95&K95&J95 -> 19800830 | N95: 13 | O95: 07 | P95: 2009 | Q95: 13 | R95: 07 | S95: 2009 | T95: =$E$4-S95 -> 16 | U95: =$E$4-P95 -> 16 | V95: =IF(U95=$E$4," ",U95) -> 16 | W95: =IF(T95=$E$4," ",T95) -> 16 | X95: S1 | Y95: PENDIDIKAN AGAMA ISLAM | Z95: 2009 | AA95: BELUM | AE95: SENI BUDAYA | AF95: 12 | AG95: - | AH95: =VLOOKUP(AG95,$BK$6:$BL$19,2,FALSE) -> - | AI95: =IFERROR((AF95+AH95)," ") | AJ95: BELUM | AM95: 2162758659220003
A96: 108 | B96: MA | C96: =IFERROR(VLOOKUP(B96,REFERENSI!$C$6:$D$15,2,FALSE)," ") -> 05 | D96: 15 | E96: Guru | F96: =IFERROR(VLOOKUP(E96,REFERENSI!$F$5:$G$6,2,FALSE)," ") -> 01 | G96: LINA AFIDATIS SALAFIYAH, S. S., S. Pd | H96: =IFERROR((M96&" "&P96&O96&" "&C96&" "&F96&" "&D96)," ") -> 19891202 201107 05 01 15 | I96: TRENGGALEK | J96: 02 | K96: 12 | L96: 1989 | M96: =L96&K96&J96 -> 19891202 | N96: 11 | O96: 07 | P96: 2011 | Q96: 11 | R96: 07 | S96: 2011 | T96: =$E$4-S96 -> 14 | U96: =$E$4-P96 -> 14 | V96: =IF(U96=$E$4," ",U96) -> 14 | W96: =IF(T96=$E$4," ",T96) -> 14 | X96: S1 | Y96: SASTRA PERANCIS | AA96: BELUM | AE96: BAHASA ASING | AF96: 6 | AG96: - | AH96: =VLOOKUP(AG96,$BK$6:$BL$19,2,FALSE) -> - | AI96: =IFERROR((AF96+AH96)," ") | AJ96: BELUM | AM96: 20542487189001
A97: 109 | B97: MA | C97: =IFERROR(VLOOKUP(B97,REFERENSI!$C$6:$D$15,2,FALSE)," ") -> 05 | D97: 16 | E97: Guru | F97: =IFERROR(VLOOKUP(E97,REFERENSI!$F$5:$G$6,2,FALSE)," ") -> 01 | G97: HESTI MULYANINGSIH, SE | H97: =IFERROR((M97&" "&P97&O97&" "&C97&" "&F97&" "&D97)," ") -> 19800101 200907 05 01 16 | I97: SITUBONDO | J97: 01 | K97: 01 | L97: 1980 | M97: =L97&K97&J97 -> 19800101 | N97: 13 | O97: 07 | P97: 2009 | Q97: 13 | R97: 07 | S97: 2009 | T97: =$E$4-S97 -> 16 | U97: =$E$4-P97 -> 16 | V97: =IF(U97=$E$4," ",U97) -> 16 | W97: =IF(T97=$E$4," ",T97) -> 16 | X97: S1 | Y97: MANAJEMEN | Z97: 2002 | AA97: BELUM | AE97: PUSTAKAWAN | AG97: - | AH97: =VLOOKUP(AG97,$BK$6:$BL$19,2,FALSE) -> - | AI97: =IFERROR((AF97+AH97)," ") | AJ97: BELUM | AM97: 20542487180002
A98: 110 | B98: MA | C98: =IFERROR(VLOOKUP(B98,REFERENSI!$C$6:$D$15,2,FALSE)," ") -> 05 | D98: 17 | E98: Guru | F98: =IFERROR(VLOOKUP(E98,REFERENSI!$F$5:$G$6,2,FALSE)," ") -> 01 | G98: SLAMET MARTONO, S. Pd. I | H98: =IFERROR((M98&" "&P98&O98&" "&C98&" "&F98&" "&D98)," ") -> 19820313 201007 05 01 17 | I98: KOTABUMI | J98: 13 | K98: 03 | L98: 1982 | M98: =L98&K98&J98 -> 19820313 | N98: 11 | O98: 07 | P98: 2010 | Q98: 12 | R98: 07 | S98: 2011 | T98: =$E$4-S98 -> 14 | U98: =$E$4-P98 -> 15 | V98: =IF(U98=$E$4," ",U98) -> 15 | W98: =IF(T98=$E$4," ",T98) -> 14 | X98: S1 | Y98: PENDIDIKAN AGAMA ISLAM | AA98: BELUM | AE98: ASWAJA | AF98: 6 | AG98: - | AH98: =VLOOKUP(AG98,$BK$6:$BL$19,2,FALSE) -> - | AI98: =IFERROR((AF98+AH98)," ") | AJ98: BELUM | AM98: 20542487182001
A99: 111 | B99: MA | C99: =IFERROR(VLOOKUP(B99,REFERENSI!$C$6:$D$15,2,FALSE)," ") -> 05 | D99: 18 | E99: Guru | F99: =IFERROR(VLOOKUP(E99,REFERENSI!$F$5:$G$6,2,FALSE)," ") -> 01 | G99: AGUS RIZQIANI, S.Pd. I | H99: =IFERROR((M99&" "&P99&O99&" "&C99&" "&F99&" "&D99)," ") -> 19900825 201107 05 01 18 | I99: TRENGGALEK | J99: 25 | K99: 08 | L99: 1990 | M99: =L99&K99&J99 -> 19900825 | N99: 11 | O99: 07 | P99: 2011 | Q99: 11 | R99: 07 | S99: 2011 | T99: =$E$4-S99 -> 14 | U99: =$E$4-P99 -> 14 | V99: =IF(U99=$E$4," ",U99) -> 14 | W99: =IF(T99=$E$4," ",T99) -> 14 | X99: S1 | Y99: PENDIDIKAN AGAMA ISLAM | Z99: 2014 | AA99: BELUM | AE99: MUHADATSAH | AF99: 4 | AG99: - | AH99: =VLOOKUP(AG99,$BK$6:$BL$19,2,FALSE) -> - | AI99: =IFERROR((AF99+AH99)," ") | AJ99: BELUM | AM99: 20542487190001
A100: 112 | B100: MA | C100: =IFERROR(VLOOKUP(B100,REFERENSI!$C$6:$D$15,2,FALSE)," ") -> 05 | D100: 24 | E100: Guru | F100: =IFERROR(VLOOKUP(E100,REFERENSI!$F$5:$G$6,2,FALSE)," ") -> 01 | G100: ANA ROHMATUL UMAH, S. Pd | H100: =IFERROR((M100&" "&P100&O100&" "&C100&" "&F100&" "&D100)," ") -> 19920524 201107 05 01 24 | I100: TRENGGALEK | J100: 24 | K100: 05 | L100: 1992 | M100: =L100&K100&J100 -> 19920524 | N100: 11 | O100: 07 | P100: 2011 | Q100: 11 | R100: 07 | S100: 2011 | T100: =$E$4-S100 -> 14 | U100: =$E$4-P100 -> 14 | V100: =IF(U100=$E$4," ",U100) -> 14 | W100: =IF(T100=$E$4," ",T100) -> 14 | X100: S1 | Y100: PENDIDIKAN BAHASA INGGRIS | Z100: 2010 | AA100: BELUM | AE100: CONVERSATION | AF100: 4 | AG100: - | AH100: =VLOOKUP(AG100,$BK$6:$BL$19,2,FALSE) -> - | AI100: =IFERROR((AF100+AH100)," ") | AJ100: BELUM | AM100: 20542487192001
A101: 114 | B101: MA | C101: =IFERROR(VLOOKUP(B101,REFERENSI!$C$6:$D$15,2,FALSE)," ") -> 05 | D101: 20 | E101: Guru | F101: =IFERROR(VLOOKUP(E101,REFERENSI!$F$5:$G$6,2,FALSE)," ") -> 01 | G101: BAHRUL ULUM,S.Pd | H101: =IFERROR((M101&" "&P101&O101&" "&C101&" "&F101&" "&D101)," ") -> 19940319 201207 05 01 20 | I101: TRENGGALEK | J101: 19 | K101: 03 | L101: 1994 | M101: =L101&K101&J101 -> 19940319 | N101: 07 | O101: 07 | P101: 2012 | Q101: 07 | R101: 07 | S101: 2012 | T101: =$E$4-S101 -> 13 | U101: =$E$4-P101 -> 13 | V101: =IF(U101=$E$4," ",U101) -> 13 | W101: =IF(T101=$E$4," ",T101) -> 13 | X101: S1 | Y101: Pendidikan Agama Islam | Z101: 2016 | AA101: BELUM | AE101: MUHADATSAH | AF101: 4 | AG101: - | AH101: =VLOOKUP(AG101,$BK$6:$BL$19,2,FALSE) -> - | AI101: =IFERROR((AF101+AH101)," ") | AJ101: BELUM | AM101: 20542487194001
...

Sheet REFERENSI
C5: SATKER | D5: KODE | F5: Guru | G5: 01 | H5: III A | I5: PENATA MUDA | L5: 1
C6: PAUD | D6: 01 | F6: Tenaga Kependidikan | G6: 02 | H6: III B | I6: PENATA MUDA TK. I | L6: 2
C7: RA | D7: 02 | H7: III C | I7: PENATA | L7: 3
C8: MI | D8: 03 | H8: III D | I8: PENATA TK. I | L8: 4
C9: MTs | D9: 04 | H9: IV A | I9: PEMBINA | L9: 5
C10: MA | D10: 05 | H10: IV B | I10: PEMBINA TK. I | L10: 6
C11: SMK 1 | D11: 06 | H11: IV C | I11: PEMBINA UTAMA | L11: 7
C12: SMK 2 | D12: 07 | H12: IV D | I12: PEMBINA UTAMA TK. I | L12: 8
C13: MTM | D13: 08 | H13: IV E | I13: PEMBINA UTAMA II | L13: 9
C14: TPQ | D14: 09 | L14: 10
C15: MTM 2 | D15: 10 | L15: 11
L16: 12
L17: 13
L18: 14
L19: 15
L20: 16
L21: 17
L22: 18
L23: 19
L24: 20
L25: 21
L26: 22
L27: 23
... L31: 27
B32: NOMOR SK | L32: 28
L33: 29
B34: KODE YP | C34: KODE | D34: SATKER | E34: NOMOR URUT | F34: REGRISTRASI | L34: 30
B35: YPP.QH | C35: KP.00 | D35: 2 | L35: 31

Sheet BIODATA
B1: Pilih Nama Guru Yayasan
C4: 1
D8: YAYASAN PONDOK PESANTREN
D9: QOMARUL HIDAYAH TRENGGALEK
D10: AKTE NOTARIS: KAYUN WIDIHARSONO,S.H,M.Kn NOMOR: 09 TAHUN 2014
D11: SK MENKUMHAN RI NOMOR: C-598.HT.03.01-2014
D12: ALAMAT : JL. PONOROGO, GONDANG, TUGU,TRENGGALEK KP. 66352 TELP. (0355) 792631
B15: BIODATA SINGKAT PERSONALIA
B17: NAMA | F17: : | G17: =VLOOKUP($C$4,REKAP!$C$8:$AQ$45,7,FALSE) -> Hj.AZ.MUTIATUN,A.Ma | N17: Foto 3x4
B18: NIGY | F18: : | G18: =VLOOKUP($C$4,REKAP!$C$8:$AQ$45,8,FALSE) -> 19410413 200107 02 01
B19: NUPTK | F19: : | G19: =VLOOKUP($C$4,REKAP!$C$8:$AQ$45,41,FALSE) -> -
B20: Tempat dan Tanggal Lahir | F20: : | G20: =VLOOKUP($C$4,REKAP!$C$8:$AQ$45,13,FALSE) -> Trenggalek, 13-04-1941
B21: Pendidikan terakhir / Jurusan | F21: : | G21: =VLOOKUP($C$4,REKAP!$C$8:$AQ$45,26,FALSE) -> D II | I21: / | J21: =VLOOKUP($C$4,REKAP!$C$8:$AQ$45,27,FALSE) -> PAI
B22: Status | F22: : | G22: =VLOOKUP($C$4,REKAP!$C$8:$AQ$45,5,FALSE) -> Guru
B23: TMT di Yayasan | F23: : | G23: =VLOOKUP($C$4,REKAP!$C$8:$AQ$45,17,FALSE) -> 01-07-2001
B24: Satuan kerja | F24: : | G24: =VLOOKUP($C$4,REKAP!$C$8:$AQ$45,2,FALSE) -> RA Qomarul Hidayah
B25: TMT di SATKER | F25: : | G25: =VLOOKUP($C$4,REKAP!$C$8:$AQ$45,21,FALSE) -> 01-07-2001
B26: Masa Kerja Seluruhnya | F26: : | G26: =VLOOKUP($C$4,REKAP!$C$8:$AQ$45,24,FALSE) -> 24 | H26: Tahun
B27: Masa Kerja di SATKER | F27: : | G27: =VLOOKUP($C$4,REKAP!$C$8:$AQ$45,25,FALSE) -> 24 | H27: Tahun
B28: Status Inpassing | F28: : | G28: =VLOOKUP($C$4,REKAP!$C$8:$AQ$45,29,FALSE) -> BELUM
B29: Jabatan | F29: : | G29: =VLOOKUP($C$4,REKAP!$C$8:$AQ$45,30,FALSE) -> 0
B30: Pangkat | F30: : | G30: =VLOOKUP($C$4,REKAP!$C$8:$AQ$45,31,FALSE)
B31: Golongan | F31: : | G31: =VLOOKUP($C$4,REKAP!$C$8:$AQ$45,32,FALSE) -> 0
B32: Tugas Utama Mengajar | F32: : | G32: =VLOOKUP($C$4,REKAP!$C$8:$AQ$45,33,FALSE) -> Guru Kelas
B33: Jumlah beban Kerja | F33: : | G33: =VLOOKUP($C$4,REKAP!$C$8:$AQ$45,34,FALSE) -> 0 | H33: JTM / Minggu
B34: Tugas Tambahan | F34: : | G34: =VLOOKUP($C$4,REKAP!$C$8:$AQ$45,35,FALSE) -> Kepala Sekolah
B35: Status Sertifikasi | F35: : | G35: =VLOOKUP($C$4,REKAP!$C$8:$AQ$45,38,FALSE) -> BELUM
B36: Tahun Lulus | F36: : | G36: =VLOOKUP($C$4,REKAP!$C$8:$AQ$45,39,FALSE) -> 0
B37: NRG | F37: : | G37: =VLOOKUP($C$4,REKAP!$C$8:$AQ$45,40,FALSE) -> 0
J38: An. Ketua Yayasan
J39: Kepala Bidang Personalia dan SDM
J42: ………………………………………

Sheet REKAP
C2: 1 | D2: 2 | E2: 3 | F2: 4 | G2: 5 | H2: 6 | I2: 7 | J2: 8 | K2: 9 | L2: 10 | M2: 11 | N2: 12 | O2: 13 | P2: 14 | Q2: 15 | R2: 16 | S2: 17 | T2: 18 | U2: 19 | V2: 20 | W2: 21 | X2: 22 | Y2: 23 | Z2: 24 | AA2: 25 | AB2: 26 | AC2: 27 | AD2: 28 | AE2: 29 | AF2: 30 | AG2: 31 | AH2: 32 | AI2: 33 | AJ2: 34 | AK2: 35 | AL2: 36 | AM2: 37 | AN2: 38 | AO2: 39 | AP2: 40 | AQ2: 41
B4: 1 | C4: 2 | D4: 3 | E4: 4 | F4: 5 | G4: 6 | H4: 7 | I4: 8 | J4: 9 | K4: 10 | L4: 11 | M4: 12 | N4: 13 | O4: 14 | P4: 15 | Q4: 16 | R4: 17 | S4: 18 | T4: 19 | U4: 20 | V4: 21 | W4: 22 | X4: 23 | Y4: 24 | Z4: 25 | AA4: 26 | AB4: 27 | AC4: 28 | AD4: 29 | AE4: 30 | AF4: 31 | AG4: 32 | AH4: 33 | AI4: 34 | AJ4: 35 | AK4: 36 | AL4: 37 | AM4: 38 | AN4: 39 | AO4: 40 | AP4: 41 | AQ4: 42 | AR4: 43 | AS4: 44
C5: NO | D5: SATKER | E5: KODE | F5: DUK | G5: STATUS | H5: KODE | I5: NAMA | J5: NIGY | K5: TEMPAT TANGGAL LAHIR | Z5: MASA KERJA | AB5: PENDIDIKAN TERAKIR | AE5: INPASSING | AI5: TUGAS UTAMA | AN5: SERTIFIKASI | AQ5: NUPTK | AR5: REG | AS5: NOMOR SK
P6: TMT YAYASAN | T6: TMT SATKER | Z6: SELURUHNYA (TAHUN0 | AA6: DI SATKER (TAHUN)
K7: TEMPAT | L7: TANGGAL | M7: BULAN | N7: TAHUN | P7: Tanggal | Q7: Bulan | R7: Tahun | T7: Tanggal | U7: Bulan | V7: Tahun | X7: Tahun | Y7: Tahun | AB7: JENJANG | AC7: JURUSAN | AD7: TAHUN LULUS | AE7: STATUS | AF7: JABATAN | AG7: PANGKAT | AH7: GOLONGAN | AI7: MENGAJAR | AJ7: JTM | AK7: TUGAS TAMBAHAN | AL7: EKUIVALEN | AM7: JML BEBAN KERJA | AN7: STATUS | AO7: TAHUN LULUS | AP7: NRG | AT7: kk
A8: =IF(B8=0," ",RANK(B8,$B$8:$B$178,1)) -> 21 | B8: =R8-Q8 -> 1994 | C8: 1 | D8: =IFERROR(IF(ENTRI!B8=$AZ$9,$BA$9,IF(ENTRI!B8=$AZ$10,$BA$10,IF(ENTRI!B8=$AZ$11,$BA$11,IF(ENTRI!B8=$AZ$12,$BA$12,IF(ENTRI!B8=$AZ$13,$BA$13,IF(ENTRI!B8=$AZ$14,$BA$14,IF(ENTRI!B8=$AZ$15,$BA$15,IF(ENTRI!B8=$AZ$16,$BA$16,IF(ENTRI!B8=$AZ$17,$BA$17,IF(ENTRI!B8=$AZ$18,$BA$18," "))))))))))," ") -> RA Qomarul Hidayah | E8: =IFERROR((ENTRI!C8)," ") -> 02 | F8: =A8 -> 21 | G8: =IFERROR((ENTRI!E8)," ") -> Guru | H8: =IFERROR((ENTRI!F8)," ") -> 01 | I8: =IFERROR((ENTRI!G8)," ") -> Hj.AZ.MUTIATUN,A.Ma | J8: =IFERROR((ENTRI!H8)," ") -> 19410413 200107 02 01 | K8: =IFERROR((ENTRI!I8)," ") -> Trenggalek | L8: =IFERROR((ENTRI!J8)," ") -> 13 | M8: =IFERROR((ENTRI!K8)," ") -> 04 | N8: =IFERROR((ENTRI!L8)," ") -> 1941 | O8: =K8&","&" "&L8&"-"&M8&"-"&N8 -> Trenggalek, 13-04-1941 | P8: =IFERROR((ENTRI!N8)," ") -> 01 | Q8: =IFERROR((ENTRI!O8)," ") -> 07 | R8: =IFERROR((ENTRI!P8)," ") -> 2001 | S8: =P8&"-"&Q8&"-"&R8 -> 01-07-2001 | T8: =IFERROR((ENTRI!Q8)," ") -> 01 | U8: =IFERROR((ENTRI!R8)," ") -> 07 | V8: =IFERROR((ENTRI!S8)," ") -> 2001 | W8: =T8&"-"&U8&"-"&V8 -> 01-07-2001 | X8: =IFERROR((ENTRI!T8)," ") -> 24 | Y8: =IFERROR((ENTRI!U8)," ") -> 24 | Z8: =IFERROR((ENTRI!V8)," ") -> 24 | AA8: =IFERROR((ENTRI!W8)," ") -> 24 | AB8: =IFERROR((ENTRI!X8)," ") -> D II | AC8: =IFERROR((ENTRI!Y8)," ") -> PAI | AD8: =IFERROR((ENTRI!Z8)," ") -> 1995 | AE8: =IFERROR((ENTRI!AA8)," ") -> BELUM | ... AQ8: =IFERROR((ENTRI!AM8)," ") -> - | AR8: =E8&"."&H8&"."&AW8&"."&ENTRI!$E$4 -> 02.01.001.2025 | AS8: ="YPP.QH/KP.01."&E8&"/"&AW8&"/"&ENTRI!$E$4 -> YPP.QH/KP.01.02/001/2025 | AT8: =IF(E8=2,2,IF(E8=3,3,IF(E8=4,4,IF(E8=5,5,IF(E8=6,6,7))))) -> 7 | AW8: 001
A9: =IF(B9=0," ",RANK(B9,$B$8:$B$178,1)) -> 27 | B9: =R9-Q9 -> 1996 | C9: 2 | D9: =IFERROR(IF(ENTRI!B9=$AZ$9,$BA$9,IF(ENTRI!B9=$AZ$10,$BA$10,IF(ENTRI!B9=$AZ$11,$BA$11,IF(ENTRI!B9=$AZ$12,$BA$12,IF(ENTRI!B9=$AZ$13,$BA$13,IF(ENTRI!B9=$AZ$14,$BA$14,IF(ENTRI!B9=$AZ$15,$BA$15,IF(ENTRI!B9=$AZ$16,$BA$16,IF(ENTRI!B9=$AZ$17,$BA$17,IF(ENTRI!B9=$AZ$18,$BA$18," "))))))))))," ") -> RA Qomarul Hidayah | E9: =IFERROR((ENTRI!C9)," ") -> 02 | F9: =A9 -> 27 | G9: =IFERROR((ENTRI!E9)," ") -> Guru | H9: =IFERROR((ENTRI!F9)," ") -> 01 | I9: =IFERROR((ENTRI!G9)," ") -> RINA WIJAYANTI,S.Pd.I | J9: =IFERROR((ENTRI!H9)," ") -> 19850425 200307 02 01 | K9: =IFERROR((ENTRI!I9)," ") -> Trenggalek | L9: =IFERROR((ENTRI!J9)," ") -> 25 | M9: =IFERROR((ENTRI!K9)," ") -> 04 | N9: =IFERROR((ENTRI!L9)," ") -> 1985 | O9: =K9&","&" "&L9&"-"&M9&"-"&N9 -> Trenggalek, 25-04-1985 | P9: =IFERROR((ENTRI!N9)," ") -> 01 | Q9: =IFERROR((ENTRI!O9)," ") -> 07 | R9: =IFERROR((ENTRI!P9)," ") -> 2003 | S9: =P9&"-"&Q9&"-"&R9 -> 01-07-2003 | T9: =IFERROR((ENTRI!Q9)," ") -> 01 | U9: =IFERROR((ENTRI!R9)," ") -> 07 | V9: =IFERROR((ENTRI!S9)," ") -> 2003 | W9: =T9&"-"&U9&"-"&V9 -> 01-07-2003 | X9: =IFERROR((ENTRI!T9)," ") -> 22 | Y9: =IFERROR((ENTRI!U9)," ") -> 22 | Z9: =IFERROR((ENTRI!V9)," ") -> 22 | AA9: =IFERROR((ENTRI!W9)," ") -> 22 | AB9: =IFERROR((ENTRI!X9)," ") -> S1 | AC9: =IFERROR((ENTRI!Y9)," ") -> PAI | AD9: =IFERROR((ENTRI!Z9)," ") -> 2008 | AE9: =IFERROR((ENTRI!AA9)," ") -> SUDAH | ... AQ9: =IFERROR((ENTRI!AM9)," ") -> 4757763664300032 | AR9: =E9&"."&H9&"."&AW9&"."&ENTRI!$E$4 -> 02.01.002.2025 | AS9: ="YPP.QH/KP.01."&E9&"/"&AW9&"/"&ENTRI!$E$4 -> YPP.QH/KP.01.02/002/2025 | AW9: 002 | AZ9: PAUD | BA9: PAUD Qomarul Hidayah
A10: =IF(B10=0," ",RANK(B10,$B$8:$B$178,1)) -> 75 | B10: =R10-Q10 -> 2004 | C10: 3 | D10: =IFERROR(IF(ENTRI!B10=$AZ$9,$BA$9,IF(ENTRI!B10=$AZ$10,$BA$10,IF(ENTRI!B10=$AZ$11,$BA$11,IF(ENTRI!B10=$AZ$12,$BA$12,IF(ENTRI!B10=$AZ$13,$BA$13,IF(ENTRI!B10=$AZ$14,$BA$14,IF(ENTRI!B10=$AZ$15,$BA$15,IF(ENTRI!B10=$AZ$16,$BA$16,IF(ENTRI!B10=$AZ$17,$BA$17,IF(ENTRI!B10=$AZ$18,$BA$18," "))))))))))," ") -> RA Qomarul Hidayah | E10: =IFERROR((ENTRI!C10)," ") -> 02 | F10: =A10 -> 75 | G10: =IFERROR((ENTRI!E10)," ") -> Guru | H10: =IFERROR((ENTRI!F10)," ") -> 01 | I10: =IFERROR((ENTRI!G10)," ") -> HIDAYATUL LAILI,S.Ag | J10: =IFERROR((ENTRI!H10)," ") -> 19731025 200501 02 01 | K10: =IFERROR((ENTRI!I10)," ") -> Trenggalek | L10: =IFERROR((ENTRI!J10)," ") -> 25 | M10: =IFERROR((ENTRI!K10)," ") -> 10 | N10: =IFERROR((ENTRI!L10)," ") -> 1973 | O10: =K10&","&" "&L10&"-"&M10&"-"&N10 -> Trenggalek, 25-10-1973 | P10: =IFERROR((ENTRI!N10)," ") -> 02 | Q10: =IFERROR((ENTRI!O10)," ") -> 01 | R10: =IFERROR((ENTRI!P10)," ") -> 2005 | S10: =P10&"-"&Q10&"-"&R10 -> 02-01-2005 | T10: =IFERROR((ENTRI!Q10)," ") -> 02 | U10: =IFERROR((ENTRI!R10)," ") -> 01 | V10: =IFERROR((ENTRI!S10)," ") -> 2005 | W10: =T10&"-"&U10&"-"&V10 -> 02-01-2005 | X10: =IFERROR((ENTRI!T10)," ") -> 20 | Y10: =IFERROR((ENTRI!U10)," ") -> 20 | Z10: =IFERROR((ENTRI!V10)," ") -> 20 | AA10: =IFERROR((ENTRI!W10)," ") -> 20 | AB10: =IFERROR((ENTRI!X10)," ") -> S1 | AC10: =IFERROR((ENTRI!Y10)," ") -> PAI | AD10: =IFERROR((ENTRI!Z10)," ") -> 1995 | AE10: =IFERROR((ENTRI!AA10)," ") -> SUDAH | ... AQ10: =IFERROR((ENTRI!AM10)," ") -> 1357751652300013 | AR10: =E10&"."&H10&"."&AW10&"."&ENTRI!$E$4 -> 02.01.003.2025 | AS10: ="YPP.QH/KP.01."&E10&"/"&AW10&"/"&ENTRI!$E$4 -> YPP.QH/KP.01.02/003/2025 | AW10: 003 | AZ10: RA | BA10: RA Qomarul Hidayah
A11: =IF(B11=0," ",RANK(B11,$B$8:$B$178,1)) -> 50 | B11: =R11-Q11 -> 1999 | C11: 4 | D11: =IFERROR(IF(ENTRI!B11=$AZ$9,$BA$9,IF(ENTRI!B11=$AZ$10,$BA$10,IF(ENTRI!B11=$AZ$11,$BA$11,IF(ENTRI!B11=$AZ$12,$BA$12,IF(ENTRI!B11=$AZ$13,$BA$13,IF(ENTRI!B11=$AZ$14,$BA$14,IF(ENTRI!B11=$AZ$15,$BA$15,IF(ENTRI!B11=$AZ$16,$BA$16,IF(ENTRI!B11=$AZ$17,$BA$17,IF(ENTRI!B11=$AZ$18,$BA$18," "))))))))))," ") -> RA Qomarul Hidayah | E11: =IFERROR((ENTRI!C11)," ") -> 02 | F11: =A11 -> 50 | G11: =IFERROR((ENTRI!E11)," ") -> Guru | H11: =IFERROR((ENTRI!F11)," ") -> 01 | I11: =IFERROR((ENTRI!G11)," ") -> RENI FARICHA ARIANI,S.Pd.I | J11: =IFERROR((ENTRI!H11)," ") -> 19850116 200607 02 01 | K11: =IFERROR((ENTRI!I11)," ") -> Trenggalek | L11: =IFERROR((ENTRI!J11)," ") -> 16 | M11: =IFERROR((ENTRI!K11)," ") -> 01 | N11: =IFERROR((ENTRI!L11)," ") -> 1985 | O11: =K11&","&" "&L11&"-"&M11&"-"&N11 -> Trenggalek, 16-01-1985 | P11: =IFERROR((ENTRI!N11)," ") -> 01 | Q11: =IFERROR((ENTRI!O11)," ") -> 07 | R11: =IFERROR((ENTRI!P11)," ") -> 2006 | S11: =P11&"-"&Q11&"-"&R11 -> 01-07-2006 | T11: =IFERROR((ENTRI!Q11)," ") -> 01 | U11: =IFERROR((ENTRI!R11)," ") -> 07 | V11: =IFERROR((ENTRI!S11)," ") -> 2006 | W11: =T11&"-"&U11&"-"&V11 -> 01-07-2006 | X11: =IFERROR((ENTRI!T11)," ") -> 19 | Y11: =IFERROR((ENTRI!U11)," ") -> 19 | Z11: =IFERROR((ENTRI!V11)," ") -> 19 | AA11: =IFERROR((ENTRI!W11)," ") -> 19 | AB11: =IFERROR((ENTRI!X11)," ") -> S1 | AC11: =IFERROR((ENTRI!Y11)," ") -> PGMI | AD11: =IFERROR((ENTRI!Z11)," ") -> 2012 | AE11: =IFERROR((ENTRI!AA11)," ") -> BELUM | ... AQ11: =IFERROR((ENTRI!AM11)," ") -> 3448763664300032 | AR11: =E11&"."&H11&"."&AW11&"."&ENTRI!$E$4 -> 02.01.004.2025 | AS11: ="YPP.QH/KP.01."&E11&"/"&AW11&"/"&ENTRI!$E$4 -> YPP.QH/KP.01.02/004/2025 | AW11: 004 | AZ11: MI | BA11: MI Qomarul Hidayah
A12: =IF(B12=0," ",RANK(B12,$B$8:$B$178,1)) -> 53 | B12: =R12-Q12 -> 2000 | C12: 5 | D12: =IFERROR(IF(ENTRI!B12=$AZ$9,$BA$9,IF(ENTRI!B12=$AZ$10,$BA$10,IF(ENTRI!B12=$AZ$11,$BA$11,IF(ENTRI!B12=$AZ$12,$BA$12,IF(ENTRI!B12=$AZ$13,$BA$13,IF(ENTRI!B12=$AZ$14,$BA$14,IF(ENTRI!B12=$AZ$15,$BA$15,IF(ENTRI!B12=$AZ$16,$BA$16,IF(ENTRI!B12=$AZ$17,$BA$17,IF(ENTRI!B12=$AZ$18,$BA$18," "))))))))))," ") -> PAUD Qomarul Hidayah | E12: =IFERROR((ENTRI!C12)," ") -> 01 | F12: =A12 -> 53 | G12: =IFERROR((ENTRI!E12)," ") -> Guru | H12: =IFERROR((ENTRI!F12)," ") -> 01 | I12: =IFERROR((ENTRI!G12)," ") -> ISTIQOMAH | J12: =IFERROR((ENTRI!H12)," ") -> 19830614 200707 01 01 | K12: =IFERROR((ENTRI!I12)," ") -> Trenggalek | L12: =IFERROR((ENTRI!J12)," ") -> 14 | M12: =IFERROR((ENTRI!K12)," ") -> 06 | N12: =IFERROR((ENTRI!L12)," ") -> 1983 | O12: =K12&","&" "&L12&"-"&M12&"-"&N12 -> Trenggalek, 14-06-1983 | P12: =IFERROR((ENTRI!N12)," ") -> 16 | Q12: =IFERROR((ENTRI!O12)," ") -> 07 | R12: =IFERROR((ENTRI!P12)," ") -> 2007 | S12: =P12&"-"&Q12&"-"&R12 -> 16-07-2007 | T12: =IFERROR((ENTRI!Q12)," ") -> 16 | U12: =IFERROR((ENTRI!R12)," ") -> 07 | V12: =IFERROR((ENTRI!S12)," ") -> 2007 | W12: =T12&"-"&U12&"-"&V12 -> 16-07-2007 | X12: =IFERROR((ENTRI!T12)," ") -> 18 | Y12: =IFERROR((ENTRI!U12)," ") -> 18 | Z12: =IFERROR((ENTRI!V12)," ") -> 18 | AA12: =IFERROR((ENTRI!W12)," ") -> 18 | AB12: =IFERROR((ENTRI!X12)," ") -> S1 | AC12: =IFERROR((ENTRI!Y12)," ") -> PAUD | AD12: =IFERROR((ENTRI!Z12)," ") -> 2002 | AE12: =IFERROR((ENTRI!AA12)," ") -> BELUM | ... AQ12: =IFERROR((ENTRI!AM12)," ") -> 1641746650300012 | AR12: =E12&"."&H12&"."&AW12&"."&ENTRI!$E$4 -> 01.01.005.2025 | AS12: ="YPP.QH/KP.01."&E12&"/"&AW12&"/"&ENTRI!$E$4 -> YPP.QH/KP.01.01/005/2025 | AW12: 005 | AZ12: MTS | BA12: MTs Qomarul Hidayah
A13: =IF(B13=0," ",RANK(B13,$B$8:$B$178,1)) -> 60 | B13: =R13-Q13 -> 2001 | C13: 6 | D13: =IFERROR(IF(ENTRI!B13=$AZ$9,$BA$9,IF(ENTRI!B13=$AZ$10,$BA$10,IF(ENTRI!B13=$AZ$11,$BA$11,IF(ENTRI!B13=$AZ$12,$BA$12,IF(ENTRI!B13=$AZ$13,$BA$13,IF(ENTRI!B13=$AZ$14,$BA$14,IF(ENTRI!B13=$AZ$15,$BA$15,IF(ENTRI!B13=$AZ$16,$BA$16,IF(ENTRI!B13=$AZ$17,$BA$17,IF(ENTRI!B13=$AZ$18,$BA$18," "))))))))))," ") -> PAUD Qomarul Hidayah | E13: =IFERROR((ENTRI!C13)," ") -> 01 | F13: =A13 -> 60 | G13: =IFERROR((ENTRI!E13)," ") -> Guru | H13: =IFERROR((ENTRI!F13)," ") -> 01 | I13: =IFERROR((ENTRI!G13)," ") -> IKA SULISTIOWATI | J13: =IFERROR((ENTRI!H13)," ") -> 19851023 200807 01 01 | K13: =IFERROR((ENTRI!I13)," ") -> Trenggalek | L13: =IFERROR((ENTRI!J13)," ") -> 23 | M13: =IFERROR((ENTRI!K13)," ") -> 10 | N13: =IFERROR((ENTRI!L13)," ") -> 1985 | O13: =K13&","&" "&L13&"-"&M13&"-"&N13 -> Trenggalek, 23-10-1985 | P13: =IFERROR((ENTRI!N13)," ") -> 14 | Q13: =IFERROR((ENTRI!O13)," ") -> 07 | R13: =IFERROR((ENTRI!P13)," ") -> 2008 | S13: =P13&"-"&Q13&"-"&R13 -> 14-07-2008 | T13: =IFERROR((ENTRI!Q13)," ") -> 14 | U13: =IFERROR((ENTRI!R13)," ") -> 07 | V13: =IFERROR((ENTRI!S13)," ") -> 2008 | W13: =T13&"-"&U13&"-"&V13 -> 14-07-2008 | X13: =IFERROR((ENTRI!T13)," ") -> 17 | Y13: =IFERROR((ENTRI!U13)," ") -> 17 | Z13: =IFERROR((ENTRI!V13)," ") -> 17 | AA13: =IFERROR((ENTRI!W13)," ") -> 17 | AB13: =IFERROR((ENTRI!X13)," ") -> S1 | AC13: =IFERROR((ENTRI!Y13)," ") -> B.INGGRIS | AD13: =IFERROR((ENTRI!Z13)," ") -> 2010 | AE13: =IFERROR((ENTRI!AA13)," ") -> BELUM | ... AQ13: =IFERROR((ENTRI!AM13)," ") -> 4538757658300060 | AR13: =E13&"."&H13&"."&AW13&"."&ENTRI!$E$4 -> 01.01.006.2025 | AS13: ="YPP.QH/KP.01."&E13&"/"&AW13&"/"&ENTRI!$E$4 -> YPP.QH/KP.01.01/006/2025 | AW13: 006 | AZ13: MA | BA13: MA Qomarul Hidayah
A14: =IF(B14=0," ",RANK(B14,$B$8:$B$178,1)) -> 86 | B14: =R14-Q14 -> 2006 | C14: 7 | D14: =IFERROR(IF(ENTRI!B14=$AZ$9,$BA$9,IF(ENTRI!B14=$AZ$10,$BA$10,IF(ENTRI!B14=$AZ$11,$BA$11,IF(ENTRI!B14=$AZ$12,$BA$12,IF(ENTRI!B14=$AZ$13,$BA$13,IF(ENTRI!B14=$AZ$14,$BA$14,IF(ENTRI!B14=$AZ$15,$BA$15,IF(ENTRI!B14=$AZ$16,$BA$16,IF(ENTRI!B14=$AZ$17,$BA$17,IF(ENTRI!B14=$AZ$18,$BA$18," "))))))))))," ") -> PAUD Qomarul Hidayah | E14: =IFERROR((ENTRI!C14)," ") -> 01 | F14: =A14 -> 86 | G14: =IFERROR((ENTRI!E14)," ") -> Tenaga Kependidikan | H14: =IFERROR((ENTRI!F14)," ") -> 02 | I14: =IFERROR((ENTRI!G14)," ") -> SITI MAESAROH | J14: =IFERROR((ENTRI!H14)," ") -> 19840707 201307 01 02 | K14: =IFERROR((ENTRI!I14)," ") -> Trenggalek | L14: =IFERROR((ENTRI!J14)," ") -> 07 | M14: =IFERROR((ENTRI!K14)," ") -> 07 | N14: =IFERROR((ENTRI!L14)," ") -> 1984 | O14: =K14&","&" "&L14&"-"&M14&"-"&N14 -> Trenggalek, 07-07-1984 | P14: =IFERROR((ENTRI!N14)," ") -> 08 | Q14: =IFERROR((ENTRI!O14)," ") -> 07 | R14: =IFERROR((ENTRI!P14)," ") -> 2013 | S14: =P14&"-"&Q14&"-"&R14 -> 08-07-2013 | T14: =IFERROR((ENTRI!Q14)," ") -> 08 | U14: =IFERROR((ENTRI!R14)," ") -> 07 | V14: =IFERROR((ENTRI!S14)," ") -> 2013 | W14: =T14&"-"&U14&"-"&V14 -> 08-07-2013 | X14: =IFERROR((ENTRI!T14)," ") -> 12 | Y14: =IFERROR((ENTRI!U14)," ") -> 12 | Z14: =IFERROR((ENTRI!V14)," ") -> 12 | AA14: =IFERROR((ENTRI!W14)," ") -> 12 | AB14: =IFERROR((ENTRI!X14)," ") -> SLTA | AC14: =IFERROR((ENTRI!Y14)," ") -> SK | AD14: =IFERROR((ENTRI!Z14)," ") -> 2003 | AE14: =IFERROR((ENTRI!AA14)," ") -> BELUM | ... AQ14: =IFERROR((ENTRI!AM14)," ") -> 4433758659300190 | AR14: =E14&"."&H14&"."&AW14&"."&ENTRI!$E$4 -> 01.02.007.2025 | AS14: ="YPP.QH/KP.01."&E14&"/"&AW14&"/"&ENTRI!$E$4 -> YPP.QH/KP.01.01/007/2025 | AW14: 007 | AZ14: SMK 1 | BA14: SMK Qomarul Hidayah 1 Tugu
A15: =IF(B15=0," ",RANK(B15,$B$8:$B$178,1)) -> 12 | B15: =R15-Q15 -> 1988 | C15: 8 | D15: =IFERROR(IF(ENTRI!B15=$AZ$9,$BA$9,IF(ENTRI!B15=$AZ$10,$BA$10,IF(ENTRI!B15=$AZ$11,$BA$11,IF(ENTRI!B15=$AZ$12,$BA$12,IF(ENTRI!B15=$AZ$13,$BA$13,IF(ENTRI!B15=$AZ$14,$BA$14,IF(ENTRI!B15=$AZ$15,$BA$15,IF(ENTRI!B15=$AZ$16,$BA$16,IF(ENTRI!B15=$AZ$17,$BA$17,IF(ENTRI!B15=$AZ$18,$BA$18," "))))))))))," ") -> MI Qomarul Hidayah | E15: =IFERROR((ENTRI!C15)," ") -> 03 | F15: =A15 -> 12 | G15: =IFERROR((ENTRI!E15)," ") -> Guru | H15: =IFERROR((ENTRI!F15)," ") -> 01 | I15: =IFERROR((ENTRI!G15)," ") -> SITI CHOIRIYAH,S.Pd.I | J15: =IFERROR((ENTRI!H15)," ") -> 19680903 199507 03 01 67 | K15: =IFERROR((ENTRI!I15)," ") -> Trenggalek | L15: =IFERROR((ENTRI!J15)," ") -> 03 | M15: =IFERROR((ENTRI!K15)," ") -> 09 | N15: =IFERROR((ENTRI!L15)," ") -> 1968 | O15: =K15&","&" "&L15&"-"&M15&"-"&N15 -> Trenggalek, 03-09-1968 | P15: =IFERROR((ENTRI!N15)," ") -> 05 | Q15: =IFERROR((ENTRI!O15)," ") -> 07 | R15: =IFERROR((ENTRI!P15)," ") -> 1995 | S15: =P15&"-"&Q15&"-"&R15 -> 05-07-1995 | T15: =IFERROR((ENTRI!Q15)," ") -> 05 | U15: =IFERROR((ENTRI!R15)," ") -> 07 | V15: =IFERROR((ENTRI!S15)," ") -> 1995 | W15: =T15&"-"&U15&"-"&V15 -> 05-07-1995 | X15: =IFERROR((ENTRI!T15)," ") -> 30 | Y15: =IFERROR((ENTRI!U15)," ") -> 30 | Z15: =IFERROR((ENTRI!V15)," ") -> 30 | AA15: =IFERROR((ENTRI!W15)," ") -> 30 | AB15: =IFERROR((ENTRI!X15)," ") -> S1 | AC15: =IFERROR((ENTRI!Y15)," ") -> PAI | AD15: =IFERROR((ENTRI!Z15)," ") -> 2009 | AE15: =IFERROR((ENTRI!AA15)," ") -> SUDAH | ... AQ15: =IFERROR((ENTRI!AM15)," ") -> 6858764666200002 | AR15: =E15&"."&H15&"."&AW15&"."&ENTRI!$E$4 -> 03.01.008.2025 | AS15: ="YPP.QH/KP.01."&E15&"/"&AW15&"/"&ENTRI!$E$4 -> YPP.QH/KP.01.03/008/2025 | AW15: 008 | AZ15: SMK 2 | BA15: SMK Qomarul Hidayah 2 Tugu
A16: =IF(B16=0," ",RANK(B16,$B$8:$B$178,1)) -> 19 | B16: =R16-Q16 -> 1993 | C16: 9 | D16: =IFERROR(IF(ENTRI!B16=$AZ$9,$BA$9,IF(ENTRI!B16=$AZ$10,$BA$10,IF(ENTRI!B16=$AZ$11,$BA$11,IF(ENTRI!B16=$AZ$12,$BA$12,IF(ENTRI!B16=$AZ$13,$BA$13,IF(ENTRI!B16=$AZ$14,$BA$14,IF(ENTRI!B16=$AZ$15,$BA$15,IF(ENTRI!B16=$AZ$16,$BA$16,IF(ENTRI!B16=$AZ$17,$BA$17,IF(ENTRI!B16=$AZ$18,$BA$18," "))))))))))," ") -> MI Qomarul Hidayah | E16: =IFERROR((ENTRI!C16)," ") -> 03 | F16: =A16 -> 19 | G16: =IFERROR((ENTRI!E16)," ") -> Guru | H16: =IFERROR((ENTRI!F16)," ") -> 01 | I16: =IFERROR((ENTRI!G16)," ") -> IMMAROTUS SA'ADAH,S.Pd.I | J16: =IFERROR((ENTRI!H16)," ") -> 19790602 200007 03 01 01 | K16: =IFERROR((ENTRI!I16)," ") -> Trenggalek | L16: =IFERROR((ENTRI!J16)," ") -> 02 | M16: =IFERROR((ENTRI!K16)," ") -> 06 | N16: =IFERROR((ENTRI!L16)," ") -> 1979 | O16: =K16&","&" "&L16&"-"&M16&"-"&N16 -> Trenggalek, 02-06-1979 | P16: =IFERROR((ENTRI!N16)," ") -> 01 | Q16: =IFERROR((ENTRI!O16)," ") -> 07 | R16: =IFERROR((ENTRI!P16)," ") -> 2000 | S16: =P16&"-"&Q16&"-"&R16 -> 01-07-2000 | T16: =IFERROR((ENTRI!Q16)," ") -> 01 | U16: =IFERROR((ENTRI!R16)," ") -> 07 | V16: =IFERROR((ENTRI!S16)," ") -> 2000 | W16: =T16&"-"&U16&"-"&V16 -> 01-07-2000 | X16: =IFERROR((ENTRI!T16)," ") -> 25 | Y16: =IFERROR((ENTRI!U16)," ") -> 25 | Z16: =IFERROR((ENTRI!V16)," ") -> 25 | AA16: =IFERROR((ENTRI!W16)," ") -> 25 | AB16: =IFERROR((ENTRI!X16)," ") -> S1 | AC16: =IFERROR((ENTRI!Y16)," ") -> PAI | AD16: =IFERROR((ENTRI!Z16)," ") -> 2004 | AE16: =IFERROR((ENTRI!AA16)," ") -> SUDAH | ... AQ16: =IFERROR((ENTRI!AM16)," ") -> 4444766668110012 | AR16: =E16&"."&H16&"."&AW16&"."&ENTRI!$E$4 -> 03.01.009.2025 | AS16: ="YPP.QH/KP.01."&E16&"/"&AW16&"/"&ENTRI!$E$4 -> YPP.QH/KP.01.03/009/2025 | AW16: 009
A17: =IF(B17=0," ",RANK(B17,$B$8:$B$178,1)) -> 39 | B17: =R17-Q17 -> 1998 | C17: 10 | D17: =IFERROR(IF(ENTRI!B17=$AZ$9,$BA$9,IF(ENTRI!B17=$AZ$10,$BA$10,IF(ENTRI!B17=$AZ$11,$BA$11,IF(ENTRI!B17=$AZ$12,$BA$12,IF(ENTRI!B17=$AZ$13,$BA$13,IF(ENTRI!B17=$AZ$14,$BA$14,IF(ENTRI!B17=$AZ$15,$BA$15,IF(ENTRI!B17=$AZ$16,$BA$16,IF(ENTRI!B17=$AZ$17,$BA$17,IF(ENTRI!B17=$AZ$18,$BA$18," "))))))))))," ") -> MI Qomarul Hidayah | E17: =IFERROR((ENTRI!C17)," ") -> 03 | F17: =A17 -> 39 | G17: =IFERROR((ENTRI!E17)," ") -> Guru | H17: =IFERROR((ENTRI!F17)," ") -> 01 | I17: =IFERROR((ENTRI!G17)," ") -> NAILI ROHMAH,S.E | J17: =IFERROR((ENTRI!H17)," ") -> 19800101 200507 03 01 11 | K17: =IFERROR((ENTRI!I17)," ") -> Trenggalek | L17: =IFERROR((ENTRI!J17)," ") -> 01 | M17: =IFERROR((ENTRI!K17)," ") -> 01 | N17: =IFERROR((ENTRI!L17)," ") -> 1980 | O17: =K17&","&" "&L17&"-"&M17&"-"&N17 -> Trenggalek, 01-01-1980 | P17: =IFERROR((ENTRI!N17)," ") -> 11 | Q17: =IFERROR((ENTRI!O17)," ") -> 07 | R17: =IFERROR((ENTRI!P17)," ") -> 2005 | S17: =P17&"-"&Q17&"-"&R17 -> 11-07-2005 | T17: =IFERROR((ENTRI!Q17)," ") -> 11 | U17: =IFERROR((ENTRI!R17)," ") -> 07 | V17: =IFERROR((ENTRI!S17)," ") -> 2005 | W17: =T17&"-"&U17&"-"&V17 -> 11-07-2005 | X17: =IFERROR((ENTRI!T17)," ") -> 20 | Y17: =IFERROR((ENTRI!U17)," ") -> 20 | Z17: =IFERROR((ENTRI!V17)," ") -> 20 | AA17: =IFERROR((ENTRI!W17)," ") -> 20 | AB17: =IFERROR((ENTRI!X17)," ") -> S1 | AC17: =IFERROR((ENTRI!Y17)," ") -> AKUNTASI | AD17: =IFERROR((ENTRI!Z17)," ") -> 2003 | AE17: =IFERROR((ENTRI!AA17)," ") -> SUDAH | ... AQ17: =IFERROR((ENTRI!AM17)," ") -> 20541857191001 | AR17: =E17&"."&H17&"."&AW17&"."&ENTRI!$E$4 -> 03.01.010.2025 | AS17: ="YPP.QH/KP.01."&E17&"/"&AW17&"/"&ENTRI!$E$4 -> YPP.QH/KP.01.03/010/2025 | AW17: 010
A18: =IF(B18=0," ",RANK(B18,$B$8:$B$178,1)) -> 27 | B18: =R18-Q18 -> 1996 | C18: 11 | D18: =IFERROR(IF(ENTRI!B18=$AZ$9,$BA$9,IF(ENTRI!B18=$AZ$10,$BA$10,IF(ENTRI!B18=$AZ$11,$BA$11,IF(ENTRI!B18=$AZ$12,$BA$12,IF(ENTRI!B18=$AZ$13,$BA$13,IF(ENTRI!B18=$AZ$14,$BA$14,IF(ENTRI!B18=$AZ$15,$BA$15,IF(ENTRI!B18=$AZ$16,$BA$16,IF(ENTRI!B18=$AZ$17,$BA$17,IF(ENTRI!B18=$AZ$18,$BA$18," "))))))))))," ") -> MI Qomarul Hidayah | E18: =IFERROR((ENTRI!C18)," ") -> 03 | F18: =A18 -> 27 | G18: =IFERROR((ENTRI!E18)," ") -> Guru | H18: =IFERROR((ENTRI!F18)," ") -> 01 | I18: =IFERROR((ENTRI!G18)," ") -> DUKAN KHOIRI,S.Pd.I | J18: =IFERROR((ENTRI!H18)," ") -> 19860526 200509 03 01 24 | K18: =IFERROR((ENTRI!I18)," ") -> Trenggalek | L18: =IFERROR((ENTRI!J18)," ") -> 26 | M18: =IFERROR((ENTRI!K18)," ") -> 05 | N18: =IFERROR((ENTRI!L18)," ") -> 1986 | O18: =K18&","&" "&L18&"-"&M18&"-"&N18 -> Trenggalek, 26-05-1986 | P18: =IFERROR((ENTRI!N18)," ") -> 01 | Q18: =IFERROR((ENTRI!O18)," ") -> 09 | R18: =IFERROR((ENTRI!P18)," ") -> 2005 | S18: =P18&"-"&Q18&"-"&R18 -> 01-09-2005 | T18: =IFERROR((ENTRI!Q18)," ") -> 01 | U18: =IFERROR((ENTRI!R18)," ") -> 09 | V18: =IFERROR((ENTRI!S18)," ") -> 2005 | W18: =T18&"-"&U18&"-"&V18 -> 01-09-2005 | X18: =IFERROR((ENTRI!T18)," ") -> 20 | Y18: =IFERROR((ENTRI!U18)," ") -> 20 | Z18: =IFERROR((ENTRI!V18)," ") -> 20 | AA18: =IFERROR((ENTRI!W18)," ") -> 20 | AB18: =IFERROR((ENTRI!X18)," ") -> S1 | AC18: =IFERROR((ENTRI!Y18)," ") -> PAI | AD18: =IFERROR((ENTRI!Z18)," ") -> 2010 | AE18: =IFERROR((ENTRI!AA18)," ") -> BELUM | ... AQ18: =IFERROR((ENTRI!AM18)," ") -> 20541857189001 | AR18: =E18&"."&H18&"."&AW18&"."&ENTRI!$E$4 -> 03.01.011.2025 | AS18: ="YPP.QH/KP.01."&E18&"/"&AW18&"/"&ENTRI!$E$4 -> YPP.QH/KP.01.03/011/2025 | AW18: 011
A19: =IF(B19=0," ",RANK(B19,$B$8:$B$178,1)) -> 60 | B19: =R19-Q19 -> 2001 | C19: 12 | D19: =IFERROR(IF(ENTRI!B19=$AZ$9,$BA$9,IF(ENTRI!B19=$AZ$10,$BA$10,IF(ENTRI!B19=$AZ$11,$BA$11,IF(ENTRI!B19=$AZ$12,$BA$12,IF(ENTRI!B19=$AZ$13,$BA$13,IF(ENTRI!B19=$AZ$14,$BA$14,IF(ENTRI!B19=$AZ$15,$BA$15,IF(ENTRI!B19=$AZ$16,$BA$16,IF(ENTRI!B19=$AZ$17,$BA$17,IF(ENTRI!B19=$AZ$18,$BA$18," "))))))))))," ") -> MTs Qomarul Hidayah | E19: =IFERROR((ENTRI!C19)," ") -> 04 | F19: =A19 -> 60 | G19: =IFERROR((ENTRI!E19)," ") -> Guru | H19: =IFERROR((ENTRI!F19)," ") -> 01 | I19: =IFERROR((ENTRI!G19)," ") -> RION ADI WIJAYA,S.Pd | J19: =IFERROR((ENTRI!H19)," ") -> 19880112 200807 04 01 01 | K19: =IFERROR((ENTRI!I19)," ") -> Trenggalek | L19: =IFERROR((ENTRI!J19)," ") -> 12 | M19: =IFERROR((ENTRI!K19)," ") -> 01 | N19: =IFERROR((ENTRI!L19)," ") -> 1988 | O19: =K19&","&" "&L19&"-"&M19&"-"&N19 -> Trenggalek, 12-01-1988 | P19: =IFERROR((ENTRI!N19)," ") -> 01 | Q19: =IFERROR((ENTRI!O19)," ") -> 07 | R19: =IFERROR((ENTRI!P19)," ") -> 2008 | S19: =P19&"-"&Q19&"-"&R19 -> 01-07-2008 | T19: =IFERROR((ENTRI!Q19)," ") -> 01 | U19: =IFERROR((ENTRI!R19)," ") -> 07 | V19: =IFERROR((ENTRI!S19)," ") -> 2020 | W19: =T19&"-"&U19&"-"&V19 -> 01-07-2020 | X19: =IFERROR((ENTRI!T19)," ") -> 5 | Y19: =IFERROR((ENTRI!U19)," ") -> 17 | Z19: =IFERROR((ENTRI!V19)," ") -> 17 | AA19: =IFERROR((ENTRI!W19)," ") -> 5 | AB19: =IFERROR((ENTRI!X19)," ") -> S1 | AC19: =IFERROR((ENTRI!Y19)," ") -> PBS/PBSI | AD19: =IFERROR((ENTRI!Z19)," ") -> 2013 | AE19: =IFERROR((ENTRI!AA19)," ") -> BELUM | ... AQ19: =IFERROR((ENTRI!AM19)," ") -> 20541857187001 | AR19: =E19&"."&H19&"."&AW19&"."&ENTRI!$E$4 -> 04.01.012.2025 | AS19: ="YPP.QH/KP.01."&E19&"/"&AW19&"/"&ENTRI!$E$4 -> YPP.QH/KP.01.04/012/2025 | AW19: 012
A20: =IF(B20=0," ",RANK(B20,$B$8:$B$178,1)) -> 60 | B20: =R20-Q20 -> 2001 | C20: 13 | D20: =IFERROR(IF(ENTRI!B20=$AZ$9,$BA$9,IF(ENTRI!B20=$AZ$10,$BA$10,IF(ENTRI!B20=$AZ$11,$BA$11,IF(ENTRI!B20=$AZ$12,$BA$12,IF(ENTRI!B20=$AZ$13,$BA$13,IF(ENTRI!B20=$AZ$14,$BA$14,IF(ENTRI!B20=$AZ$15,$BA$15,IF(ENTRI!B20=$AZ$16,$BA$16,IF(ENTRI!B20=$AZ$17,$BA$17,IF(ENTRI!B20=$AZ$18,$BA$18," "))))))))))," ") -> MI Qomarul Hidayah | E20: =IFERROR((ENTRI!C20)," ") -> 03 | F20: =A20 -> 60 | G20: =IFERROR((ENTRI!E20)," ") -> Guru | H20: =IFERROR((ENTRI!F20)," ") -> 01 | I20: =IFERROR((ENTRI!G20)," ") -> SITI SHOLIKAH,S.Pd | J20: =IFERROR((ENTRI!H20)," ") -> 19890205 201110 03 01 01 | K20: =IFERROR((ENTRI!I20)," ") -> Trenggalek | L20: =IFERROR((ENTRI!J20)," ") -> 05 | M20: =IFERROR((ENTRI!K20)," ") -> 02 | N20: =IFERROR((ENTRI!L20)," ") -> 1989 | O20: =K20&","&" "&L20&"-"&M20&"-"&N20 -> Trenggalek, 05-02-1989 | P20: =IFERROR((ENTRI!N20)," ") -> 01 | Q20: =IFERROR((ENTRI!O20)," ") -> 10 | R20: =IFERROR((ENTRI!P20)," ") -> 2011 | S20: =P20&"-"&Q20&"-"&R20 -> 01-10-2011 | T20: =IFERROR((ENTRI!Q20)," ") -> 01 | U20: =IFERROR((ENTRI!R20)," ") -> 10 | V20: =IFERROR((ENTRI!S20)," ") -> 2011 | W20: =T20&"-"&U20&"-"&V20 -> 01-10-2011 | X20: =IFERROR((ENTRI!T20)," ") -> 14 | Y20: =IFERROR((ENTRI!U20)," ") -> 14 | Z20: =IFERROR((ENTRI!V20)," ") -> 14 | AA20: =IFERROR((ENTRI!W20)," ") -> 14 | AB20: =IFERROR((ENTRI!X20)," ") -> S1 | AC20: =IFERROR((ENTRI!Y20)," ") -> PBS/PBSI | AD20: =IFERROR((ENTRI!Z20)," ") -> 2012 | AE20: =IFERROR((ENTRI!AA20)," ") -> BELUM | ... AQ20: =IFERROR((ENTRI!AM20)," ") -> 6363763665120003 | AR20: =E20&"."&H20&"."&AW20&"."&ENTRI!$E$4 -> 03.01.013.2025 | AS20: ="YPP.QH/KP.01."&E20&"/"&AW20&"/"&ENTRI!$E$4 -> YPP.QH/KP.01.03/013/2025 | AW20: 013
A21: =IF(B21=0," ",RANK(B21,$B$8:$B$178,1)) -> 103 | B21: =R21-Q21 -> 2009 | C21: 14 | D21: =IFERROR(IF(ENTRI!B21=$AZ$9,$BA$9,IF(ENTRI!B21=$AZ$10,$BA$10,IF(ENTRI!B21=$AZ$11,$BA$11,IF(ENTRI!B21=$AZ$12,$BA$12,IF(ENTRI!B21=$AZ$13,$BA$13,IF(ENTRI!B21=$AZ$14,$BA$14,IF(ENTRI!B21=$AZ$15,$BA$15,IF(ENTRI!B21=$AZ$16,$BA$16,IF(ENTRI!B21=$AZ$17,$BA$17,IF(ENTRI!B21=$AZ$18,$BA$18," "))))))))))," ") -> MI Qomarul Hidayah | E21: =IFERROR((ENTRI!C21)," ") -> 03 | F21: =A21 -> 103 | G21: =IFERROR((ENTRI!E21)," ") -> Guru | H21: =IFERROR((ENTRI!F21)," ") -> 01 | I21: =IFERROR((ENTRI!G21)," ") -> MUSTANGIN,S.Pd.I | J21: =IFERROR((ENTRI!H21)," ") -> 19851031 201001 03 01 01 | K21: =IFERROR((ENTRI!I21)," ") -> Trenggalek | L21: =IFERROR((ENTRI!J21)," ") -> 31 | M21: =IFERROR((ENTRI!K21)," ") -> 10 | N21: =IFERROR((ENTRI!L21)," ") -> 1985 | O21: =K21&","&" "&L21&"-"&M21&"-"&N21 -> Trenggalek, 31-10-1985 | P21: =IFERROR((ENTRI!N21)," ") -> 01 | Q21: =IFERROR((ENTRI!O21)," ") -> 01 | R21: =IFERROR((ENTRI!P21)," ") -> 2010 | S21: =P21&"-"&Q21&"-"&R21 -> 01-01-2010 | T21: =IFERROR((ENTRI!Q21)," ") -> 01 | U21: =IFERROR((ENTRI!R21)," ") -> 01 | V21: =IFERROR((ENTRI!S21)," ") -> 2010 | W21: =T21&"-"&U21&"-"&V21 -> 01-01-2010 | X21: =IFERROR((ENTRI!T21)," ") -> 15 | Y21: =IFERROR((ENTRI!U21)," ") -> 15 | Z21: =IFERROR((ENTRI!V21)," ") -> 15 | AA21: =IFERROR((ENTRI!W21)," ") -> 15 | AB21: =IFERROR((ENTRI!X21)," ") -> S1 | AC21: =IFERROR((ENTRI!Y21)," ") -> PAI | AD21: =IFERROR((ENTRI!Z21)," ") -> 2012 | AE21: =IFERROR((ENTRI!AA21)," ") -> BELUM | ... AQ21: =IFERROR((ENTRI!AM21)," ") -> 4538757658300062 | AR21: =E21&"."&H21&"."&AW21&"."&ENTRI!$E$4 -> 03.01.014.2025 | AS21: ="YPP.QH/KP.01."&E21&"/"&AW21&"/"&ENTRI!$E$4 -> YPP.QH/KP.01.03/014/2025 | AW21: 014
A22: =IF(B22=0," ",RANK(B22,$B$8:$B$178,1)) -> 33 | B22: =R22-Q22 -> 1997 | C22: 15 | D22: =IFERROR(IF(ENTRI!B22=$AZ$9,$BA$9,IF(ENTRI!B22=$AZ$10,$BA$10,IF(ENTRI!B22=$AZ$11,$BA$11,IF(ENTRI!B22=$AZ$12,$BA$12,IF(ENTRI!B22=$AZ$13,$BA$13,IF(ENTRI!B22=$AZ$14,$BA$14,IF(ENTRI!B22=$AZ$15,$BA$15,IF(ENTRI!B22=$AZ$16,$BA$16,IF(ENTRI!B22=$AZ$17,$BA$17,IF(ENTRI!B22=$AZ$18,$BA$18," "))))))))))," ") -> MI Qomarul Hidayah | E22: =IFERROR((ENTRI!C22)," ") -> 03 | F22: =A22 -> 33 | G22: =IFERROR((ENTRI!E22)," ") -> Guru | H22: =IFERROR((ENTRI!F22)," ") -> 01 | I22: =IFERROR((ENTRI!G22)," ") -> ENDANG SUMARSIH,S.Pd.I | J22: =IFERROR((ENTRI!H22)," ") -> 19800506 200407 03 01 81 | K22: =IFERROR((ENTRI!I22)," ") -> Tulung agung | L22: =IFERROR((ENTRI!J22)," ") -> 06 | M22: =IFERROR((ENTRI!K22)," ") -> 05 | N22: =IFERROR((ENTRI!L22)," ") -> 1980 | O22: =K22&","&" "&L22&"-"&M22&"-"&N22 -> Tulung agung, 06-05-1980 | P22: =IFERROR((ENTRI!N22)," ") -> 18 | Q22: =IFERROR((ENTRI!O22)," ") -> 07 | R22: =IFERROR((ENTRI!P22)," ") -> 2004 | S22: =P22&"-"&Q22&"-"&R22 -> 18-07-2004 | T22: =IFERROR((ENTRI!Q22)," ") -> 18 | U22: =IFERROR((ENTRI!R22)," ") -> 07 | V22: =IFERROR((ENTRI!S22)," ") -> 2004 | W22: =T22&"-"&U22&"-"&V22 -> 18-07-2004 | X22: =IFERROR((ENTRI!T22)," ") -> 21 | Y22: =IFERROR((ENTRI!U22)," ") -> 21 | Z22: =IFERROR((ENTRI!V22)," ") -> 21 | AA22: =IFERROR((ENTRI!W22)," ") -> 21 | AB22: =IFERROR((ENTRI!X22)," ") -> S1 | AC22: =IFERROR((ENTRI!Y22)," ") -> PAI | AD22: =IFERROR((ENTRI!Z22)," ") -> 2004 | AE22: =IFERROR((ENTRI!AA22)," ") -> BELUM | ... AQ22: =IFERROR((ENTRI!AM22)," ") -> 4435751652200022 | AR22: =E22&"."&H22&"."&AW22&"."&ENTRI!$E$4 -> 03.01.015.2025 | AS22: ="YPP.QH/KP.01."&E22&"/"&AW22&"/"&ENTRI!$E$4 -> YPP.QH/KP.01.03/015/2025 | AW22: 015
A23: =IF(B23=0," ",RANK(B23,$B$8:$B$178,1)) -> 27 | B23: =R23-Q23 -> 1996 | C23: 16 | D23: =IFERROR(IF(ENTRI!B23=$AZ$9,$BA$9,IF(ENTRI!B23=$AZ$10,$BA$10,IF(ENTRI!B23=$AZ$11,$BA$11,IF(ENTRI!B23=$AZ$12,$BA$12,IF(ENTRI!B23=$AZ$13,$BA$13,IF(ENTRI!B23=$AZ$14,$BA$14,IF(ENTRI!B23=$AZ$15,$BA$15,IF(ENTRI!B23=$AZ$16,$BA$16,IF(ENTRI!B23=$AZ$17,$BA$17,IF(ENTRI!B23=$AZ$18,$BA$18," "))))))))))," ") -> MI Qomarul Hidayah | E23: =IFERROR((ENTRI!C23)," ") -> 03 | F23: =A23 -> 27 | G23: =IFERROR((ENTRI!E23)," ") -> Guru | H23: =IFERROR((ENTRI!F23)," ") -> 01 | I23: =IFERROR((ENTRI!G23)," ") -> NUZULUL MUKAROMAH,S.Pd.I | J23: =IFERROR((ENTRI!H23)," ") -> 19861005 200509 03 01 01 | K23: =IFERROR((ENTRI!I23)," ") -> Trenggalek | L23: =IFERROR((ENTRI!J23)," ") -> 05 | M23: =IFERROR((ENTRI!K23)," ") -> 10 | N23: =IFERROR((ENTRI!L23)," ") -> 1986 | O23: =K23&","&" "&L23&"-"&M23&"-"&N23 -> Trenggalek, 05-10-1986 | P23: =IFERROR((ENTRI!N23)," ") -> 01 | Q23: =IFERROR((ENTRI!O23)," ") -> 09 | R23: =IFERROR((ENTRI!P23)," ") -> 2005 | S23: =P23&"-"&Q23&"-"&R23 -> 01-09-2005 | T23: =IFERROR((ENTRI!Q23)," ") -> 01 | U23: =IFERROR((ENTRI!R23)," ") -> 09 | V23: =IFERROR((ENTRI!S23)," ") -> 2005 | W23: =T23&"-"&U23&"-"&V23 -> 01-09-2005 | X23: =IFERROR((ENTRI!T23)," ") -> 20 | Y23: =IFERROR((ENTRI!U23)," ") -> 20 | Z23: =IFERROR((ENTRI!V23)," ") -> 20 | AA23: =IFERROR((ENTRI!W23)," ") -> 20 | AB23: =IFERROR((ENTRI!X23)," ") -> S1 | AC23: =IFERROR((ENTRI!Y23)," ") -> PAI | AD23: =IFERROR((ENTRI!Z23)," ") -> 2005 | AE23: =IFERROR((ENTRI!AA23)," ") -> BELUM | ... AQ23: =IFERROR((ENTRI!AM23)," ") -> 0 | AR23: =E23&"."&H23&"."&AW23&"."&ENTRI!$E$4 -> 03.01.016.2025 | AS23: ="YPP.QH/KP.01."&E23&"/"&AW23&"/"&ENTRI!$E$4 -> YPP.QH/KP.01.03/016/2025 | AW23: 016
A24: =IF(B24=0," ",RANK(B24,$B$8:$B$178,1)) -> 19 | B24: =R24-Q24 -> 1993 | C24: 17 | D24: =IFERROR(IF(ENTRI!B24=$AZ$9,$BA$9,IF(ENTRI!B24=$AZ$10,$BA$10,IF(ENTRI!B24=$AZ$11,$BA$11,IF(ENTRI!B24=$AZ$12,$BA$12,IF(ENTRI!B24=$AZ$13,$BA$13,IF(ENTRI!B24=$AZ$14,$BA$14,IF(ENTRI!B24=$AZ$15,$BA$15,IF(ENTRI!B24=$AZ$16,$BA$16,IF(ENTRI!B24=$AZ$17,$BA$17,IF(ENTRI!B24=$AZ$18,$BA$18," "))))))))))," ") -> MI Qomarul Hidayah | E24: =IFERROR((ENTRI!C24)," ") -> 03 | F24: =A24 -> 19 | G24: =IFERROR((ENTRI!E24)," ") -> Guru | H24: =IFERROR((ENTRI!F24)," ") -> 01 | I24: =IFERROR((ENTRI!G24)," ") -> KHOIRUL BAHRI,S.Pd | J24: =IFERROR((ENTRI!H24)," ") -> 19730301 200007 03 01 66 | K24: =IFERROR((ENTRI!I24)," ") -> Trenggalek | L24: =IFERROR((ENTRI!J24)," ") -> 01 | M24: =IFERROR((ENTRI!K24)," ") -> 03 | N24: =IFERROR((ENTRI!L24)," ") -> 1973 | O24: =K24&","&" "&L24&"-"&M24&"-"&N24 -> Trenggalek, 01-03-1973 | P24: =IFERROR((ENTRI!N24)," ") -> 01 | Q24: =IFERROR((ENTRI!O24)," ") -> 07 | R24: =IFERROR((ENTRI!P24)," ") -> 2000 | S24: =P24&"-"&Q24&"-"&R24 -> 01-07-2000 | T24: =IFERROR((ENTRI!Q24)," ") -> 01 | U24: =IFERROR((ENTRI!R24)," ") -> 07 | V24: =IFERROR((ENTRI!S24)," ") -> 2000 | W24: =T24&"-"&U24&"-"&V24 -> 01-07-2000 | X24: =IFERROR((ENTRI!T24)," ") -> 25 | Y24: =IFERROR((ENTRI!U24)," ") -> 25 | Z24: =IFERROR((ENTRI!V24)," ") -> 25 | AA24: =IFERROR((ENTRI!W24)," ") -> 25 | AB24: =IFERROR((ENTRI!X24)," ") -> S1 | AC24: =IFERROR((ENTRI!Y24)," ") -> PIPS/PKN | AD24: =IFERROR((ENTRI!Z24)," ") -> 0 | AE24: =IFERROR((ENTRI!AA24)," ") -> SUDAH | ... AQ24: =IFERROR((ENTRI!AM24)," ") -> 0 | AR24: =E24&"."&H24&"."&AW24&"."&ENTRI!$E$4 -> 03.01.017.2025 | AS24: ="YPP.QH/KP.01."&E24&"/"&AW24&"/"&ENTRI!$E$4 -> YPP.QH/KP.01.03/017/2025 | AW24: 017
A25: =IF(B25=0," ",RANK(B25,$B$8:$B$178,1)) -> 95 | B25: =R25-Q25 -> 2007 | C25: 18 | D25: =IFERROR(IF(ENTRI!B25=$AZ$9,$BA$9,IF(ENTRI!B25=$AZ$10,$BA$10,IF(ENTRI!B25=$AZ$11,$BA$11,IF(ENTRI!B25=$AZ$12,$BA$12,IF(ENTRI!B25=$AZ$13,$BA$13,IF(ENTRI!B25=$AZ$14,$BA$14,IF(ENTRI!B25=$AZ$15,$BA$15,IF(ENTRI!B25=$AZ$16,$BA$16,IF(ENTRI!B25=$AZ$17,$BA$17,IF(ENTRI!B25=$AZ$18,$BA$18," "))))))))))," ") -> MTs Qomarul Hidayah | E25: =IFERROR((ENTRI!C25)," ") -> 04 | F25: =A25 -> 95 | G25: =IFERROR((ENTRI!E25)," ") -> Kepala Madrasah | H25: =IFERROR((ENTRI!F25)," ") | I25: =IFERROR((ENTRI!G25)," ") -> H. SYAIFUL MAHBUB, S.Sy | J25: =IFERROR((ENTRI!H25)," ") -> 19860214 201407 04 57 | K25: =IFERROR((ENTRI!I25)," ") -> Trenggalek | L25: =IFERROR((ENTRI!J25)," ") -> 14 | M25: =IFERROR((ENTRI!K25)," ") -> 02 | N25: =IFERROR((ENTRI!L25)," ") -> 1986 | O25: =K25&","&" "&L25&"-"&M25&"-"&N25 -> Trenggalek, 14-02-1986 | P25: =IFERROR((ENTRI!N25)," ") -> 16 | Q25: =IFERROR((ENTRI!O25)," ") -> 07 | R25: =IFERROR((ENTRI!P25)," ") -> 2014 | S25: =P25&"-"&Q25&"-"&R25 -> 16-07-2014 | T25: =IFERROR((ENTRI!Q25)," ") -> 16 | U25: =IFERROR((ENTRI!R25)," ") -> 07 | V25: =IFERROR((ENTRI!S25)," ") -> 2014 | W25: =T25&"-"&U25&"-"&V25 -> 16-07-2014 | X25: =IFERROR((ENTRI!T25)," ") -> 11 | Y25: =IFERROR((ENTRI!U25)," ") -> 11 | Z25: =IFERROR((ENTRI!V25)," ") -> 11 | AA25: =IFERROR((ENTRI!W25)," ") -> 11 | AB25: =IFERROR((ENTRI!X25)," ") -> S1 | AC25: =IFERROR((ENTRI!Y25)," ") -> Syariah | AD25: =IFERROR((ENTRI!Z25)," ") -> 2013 | AE25: =IFERROR((ENTRI!AA25)," ") -> BELUM | ... AQ25: =IFERROR((ENTRI!AM25)," ") -> 20542411186001 | AR25: =E25&"."&H25&"."&AW25&"."&ENTRI!$E$4 -> 04. .018.2025 | AS25: ="YPP.QH/KP.01."&E25&"/"&AW25&"/"&ENTRI!$E$4 -> YPP.QH/KP.01.04/018/2025 | AW25: 018
A26: =IF(B26=0," ",RANK(B26,$B$8:$B$178,1)) -> 69 | B26: =R26-Q26 -> 2003 | C26: 19 | D26: =IFERROR(IF(ENTRI!B26=$AZ$9,$BA$9,IF(ENTRI!B26=$AZ$10,$BA$10,IF(ENTRI!B26=$AZ$11,$BA$11,IF(ENTRI!B26=$AZ$12,$BA$12,IF(ENTRI!B26=$AZ$13,$BA$13,IF(ENTRI!B26=$AZ$14,$BA$14,IF(ENTRI!B26=$AZ$15,$BA$15,IF(ENTRI!B26=$AZ$16,$BA$16,IF(ENTRI!B26=$AZ$17,$BA$17,IF(ENTRI!B26=$AZ$18,$BA$18," "))))))))))," ") -> MTs Qomarul Hidayah | E26: =IFERROR((ENTRI!C26)," ") -> 04 | F26: =A26 -> 69 | G26: =IFERROR((ENTRI!E26)," ") -> Guru | H26: =IFERROR((ENTRI!F26)," ") -> 01 | I26: =IFERROR((ENTRI!G26)," ") -> INDRA GUNAWAN,S.Pd.I | J26: =IFERROR((ENTRI!H26)," ") -> 19891129 201007 04 01 26 | K26: =IFERROR((ENTRI!I26)," ") -> Trenggalek | L26: =IFERROR((ENTRI!J26)," ") -> 29 | M26: =IFERROR((ENTRI!K26)," ") -> 11 | N26: =IFERROR((ENTRI!L26)," ") -> 1989 | O26: =K26&","&" "&L26&"-"&M26&"-"&N26 -> Trenggalek, 29-11-1989 | P26: =IFERROR((ENTRI!N26)," ") -> 12 | Q26: =IFERROR((ENTRI!O26)," ") -> 07 | R26: =IFERROR((ENTRI!P26)," ") -> 2010 | S26: =P26&"-"&Q26&"-"&R26 -> 12-07-2010 | T26: =IFERROR((ENTRI!Q26)," ") -> 12 | U26: =IFERROR((ENTRI!R26)," ") -> 07 | V26: =IFERROR((ENTRI!S26)," ") -> 2010 | W26: =T26&"-"&U26&"-"&V26 -> 12-07-2010 | X26: =IFERROR((ENTRI!T26)," ") -> 15 | Y26: =IFERROR((ENTRI!U26)," ") -> 15 | Z26: =IFERROR((ENTRI!V26)," ") -> 15 | AA26: =IFERROR((ENTRI!W26)," ") -> 15 | AB26: =IFERROR((ENTRI!X26)," ") -> S1 | AC26: =IFERROR((ENTRI!Y26)," ") -> Pendidikan Agama Islam | AD26: =IFERROR((ENTRI!Z26)," ") -> 2015 | AE26: =IFERROR((ENTRI!AA26)," ") -> BELUM | ... AQ26: =IFERROR((ENTRI!AM26)," ") -> 20542411189001 | AR26: =E26&"."&H26&"."&AW26&"."&ENTRI!$E$4 -> 04.01.019.2025 | AS26: ="YPP.QH/KP.01."&E26&"/"&AW26&"/"&ENTRI!$E$4 -> YPP.QH/KP.01.04/019/2025 | AW26: 019
A27: =IF(B27=0," ",RANK(B27,$B$8:$B$178,1)) -> 39 | B27: =R27-Q27 -> 1998 | C27: 20 | D27: =IFERROR(IF(ENTRI!B27=$AZ$9,$BA$9,IF(ENTRI!B27=$AZ$10,$BA$10,IF(ENTRI!B27=$AZ$11,$BA$11,IF(ENTRI!B27=$AZ$12,$BA$12,IF(ENTRI!B27=$AZ$13,$BA$13,IF(ENTRI!B27=$AZ$14,$BA$14,IF(ENTRI!B27=$AZ$15,$BA$15,IF(ENTRI!B27=$AZ$16,$BA$16,IF(ENTRI!B27=$AZ$17,$BA$17,IF(ENTRI!B27=$AZ$18,$BA$18," "))))))))))," ") -> MTs Qomarul Hidayah | E27: =IFERROR((ENTRI!C27)," ") -> 04 | F27: =A27 -> 39 | G27: =IFERROR((ENTRI!E27)," ") -> Guru | H27: =IFERROR((ENTRI!F27)," ") -> 01 | I27: =IFERROR((ENTRI!G27)," ") -> SUGENG SUPRAYOGO, S.Pd | J27: =IFERROR((ENTRI!H27)," ") -> 19830428 200507 04 01 95 | K27: =IFERROR((ENTRI!I27)," ") -> Trenggalek | L27: =IFERROR((ENTRI!J27)," ") -> 28 | M27: =IFERROR((ENTRI!K27)," ") -> 04 | N27: =IFERROR((ENTRI!L27)," ") -> 1983 | O27: =K27&","&" "&L27&"-"&M27&"-"&N27 -> Trenggalek, 28-04-1983 | P27: =IFERROR((ENTRI!N27)," ") -> 18 | Q27: =IFERROR((ENTRI!O27)," ") -> 07 | R27: =IFERROR((ENTRI!P27)," ") -> 2005 | S27: =P27&"-"&Q27&"-"&R27 -> 18-07-2005 | T27: =IFERROR((ENTRI!Q27)," ") -> 18 | U27: =IFERROR((ENTRI!R27)," ") -> 07 | V27: =IFERROR((ENTRI!S27)," ") -> 2005 | W27: =T27&"-"&U27&"-"&V27 -> 18-07-2005 | X27: =IFERROR((ENTRI!T27)," ") -> 20 | Y27: =IFERROR((ENTRI!U27)," ") -> 20 | Z27: =IFERROR((ENTRI!V27)," ") -> 20 | AA27: =IFERROR((ENTRI!W27)," ") -> 20 | AB27: =IFERROR((ENTRI!X27)," ") -> S1 | AC27: =IFERROR((ENTRI!Y27)," ") -> Pendidikan Agama Islam | AD27: =IFERROR((ENTRI!Z27)," ") -> 2016 | AE27: =IFERROR((ENTRI!AA27)," ") -> BELUM | ... AQ27: =IFERROR((ENTRI!AM27)," ") -> 3760761663110042 | AR27: =E27&"."&H27&"."&AW27&"."&ENTRI!$E$4 -> 04.01.020.2025 | AS27: ="YPP.QH/KP.01."&E27&"/"&AW27&"/"&ENTRI!$E$4 -> YPP.QH/KP.01.04/020/2025 | AW27: 020
... A118: =IF(B118=0," ",RANK(B118,$B$8:$B$178,1)) -> 10 | B118: =R118-Q118 -> 1987 | C118: 111 | D118: =IFERROR(IF(ENTRI!B118=$AZ$9,$BA$9,IF(ENTRI!B118=$AZ$10,$BA$10,IF(ENTRI!B118=$AZ$11,$BA$11,IF(ENTRI!B118=$AZ$12,$BA$12,IF(ENTRI!B118=$AZ$13,$BA$13,IF(ENTRI!B118=$AZ$14,$BA$14,IF(ENTRI!B118=$AZ$15,$BA$15,IF(ENTRI!B118=$AZ$16,$BA$16,IF(ENTRI!B118=$AZ$17,$BA$17,IF(ENTRI!B118=$AZ$18,$BA$18," "))))))))))," ") -> SMK Qomarul Hidayah 2 Tugu | E118: =IFERROR((ENTRI!C118)," ") -> 07 | F118: =A118 -> 10 | G118: =IFERROR((ENTRI!E118)," ") -> Guru | H118: =IFERROR((ENTRI!F118)," ") -> 01 | I118: =IFERROR((ENTRI!G118)," ") -> WIDAYATI,S.Pd | J118: =IFERROR((ENTRI!H118)," ") -> 19690323 199407 07 01 | K118: =IFERROR((ENTRI!I118)," ") -> Trenggalek | L118: =IFERROR((ENTRI!J118)," ") -> 23 | M118: =IFERROR((ENTRI!K118)," ") -> 03 | N118: =IFERROR((ENTRI!L118)," ") -> 1969 | O118: =K118&","&" "&L118&"-"&M118&"-"&N118 -> Trenggalek, 23-03-1969 | P118: =IFERROR((ENTRI!N118)," ") -> 18 | Q118: =IFERROR((ENTRI!O118)," ") -> 07 | R118: =IFERROR((ENTRI!P118)," ") -> 1994 | S118: =P118&"-"&Q118&"-"&R118 -> 18-07-1994 | T118: =IFERROR((ENTRI!Q118)," ") -> 18 | U118: =IFERROR((ENTRI!R118)," ") -> 07 | V118: =IFERROR((ENTRI!S118)," ") -> 1994 | W118: =T118&"-"&U118&"-"&V118 -> 18-07-1994 | X118: =IFERROR((ENTRI!T118)," ") -> 31 | Y118: =IFERROR((ENTRI!U118)," ") -> 31 | Z118: =IFERROR((ENTRI!V118)," ") -> 31 | AA118: =IFERROR((ENTRI!W118)," ") -> 31 | AB118: =IFERROR((ENTRI!X118)," ") -> S1 | AC118: =IFERROR((ENTRI!Y118)," ") -> BAHASA INGGRIS | AD118: =IFERROR((ENTRI!Z118)," ") -> 0 | AE118: =IFERROR((ENTRI!AA118)," ") -> 0 | ... AQ118: =IFERROR((ENTRI!AM118)," ") -> 0 | AR118: =E118&"."&H118&"."&AW118&"."&ENTRI!$E$4 -> 07.01.111.2025 | AS118: ="YPP.QH/KP.01."&E118&"/"&AW118&"/"&ENTRI!$E$4 -> YPP.QH/KP.01.07/111/2025 | AW118: 111
A119: =IF(B119=0," ",RANK(B119,$B$8:$B$178,1)) -> 114 | B119: =R119 -> 2017 | C119: 112 | D119: =IFERROR(IF(ENTRI!B119=$AZ$9,$BA$9,IF(ENTRI!B119=$AZ$10,$BA$10,IF(ENTRI!B119=$AZ$11,$BA$11,IF(ENTRI!B119=$AZ$12,$BA$12,IF(ENTRI!B119=$AZ$13,$BA$13,IF(ENTRI!B119=$AZ$14,$BA$14,IF(ENTRI!B119=$AZ$15,$BA$15,IF(ENTRI!B119=$AZ$16,$BA$16,IF(ENTRI!B119=$AZ$17,$BA$17,IF(ENTRI!B119=$AZ$18,$BA$18," "))))))))))," ") -> SMK Qomarul Hidayah 1 Tugu | E119: =IFERROR((ENTRI!C119)," ") -> 06 | F119: =A119 -> 114 | G119: =IFERROR((ENTRI!E119)," ") -> Guru | H119: =IFERROR((ENTRI!F119)," ") -> 01 | I119: =IFERROR((ENTRI!G119)," ") -> APRILIA NINGROOM,S.Pd | J119: =IFERROR((ENTRI!H119)," ") -> 19930403 201701 06 01 | K119: =IFERROR((ENTRI!I119)," ") -> Trenggalek | L119: =IFERROR((ENTRI!J119)," ") -> 03 | M119: =IFERROR((ENTRI!K119)," ") -> 04 | N119: =IFERROR((ENTRI!L119)," ") -> 1993 | O119: =K119&","&" "&L119&"-"&M119&"-"&N119 -> Trenggalek, 03-04-1993 | P119: =IFERROR((ENTRI!N119)," ") -> 02 | Q119: =IFERROR((ENTRI!O119)," ") -> 01 | R119: =IFERROR((ENTRI!P119)," ") -> 2017 | S119: =P119&"-"&Q119&"-"&R119 -> 02-01-2017 | T119: =IFERROR((ENTRI!Q119)," ") -> 02 | U119: =IFERROR((ENTRI!R119)," ") -> 01 | V119: =IFERROR((ENTRI!S119)," ") -> 2017 | W119: =T119&"-"&U119&"-"&V119 -> 02-01-2017 | X119: =IFERROR((ENTRI!T119)," ") -> 0 | Y119: =IFERROR((ENTRI!U119)," ") -> 0 | Z119: =IFERROR((ENTRI!V119)," ") -> 0 | AA119: =IFERROR((ENTRI!W119)," ") -> 0 | AB119: =IFERROR((ENTRI!X119)," ") -> S1 | AC119: =IFERROR((ENTRI!Y119)," ") -> BAHASA INGGRIS | AD119: =IFERROR((ENTRI!Z119)," ") -> 0 | AE119: =IFERROR((ENTRI!AA119)," ") -> 0 | ... AQ119: =IFERROR((ENTRI!AM119)," ") -> 0 | AR119: =E119&"."&H119&"."&AW119&"."&ENTRI!$E$4 -> 06.01.112.2025 | AS119: ="YPP.QH/KP.01."&E119&"/"&AW119&"/"&ENTRI!$E$4 -> YPP.QH/KP.01.06/112/2025 | AW119: 112
A120: =IF(B120=0," ",RANK(B120,$B$8:$B$178,1)) -> 114 | B120: =R120 -> 2017 | C120: 113 | D120: =IFERROR(IF(ENTRI!B120=$AZ$9,$BA$9,IF(ENTRI!B120=$AZ$10,$BA$10,IF(ENTRI!B120=$AZ$11,$BA$11,IF(ENTRI!B120=$AZ$12,$BA$12,IF(ENTRI!B120=$AZ$13,$BA$13,IF(ENTRI!B120=$AZ$14,$BA$14,IF(ENTRI!B120=$AZ$15,$BA$15,IF(ENTRI!B120=$AZ$16,$BA$16,IF(ENTRI!B120=$AZ$17,$BA$17,IF(ENTRI!B120=$AZ$18,$BA$18," "))))))))))," ") -> SMK Qomarul Hidayah 1 Tugu | E120: =IFERROR((ENTRI!C120)," ") -> 06 | F120: =A120 -> 114 | G120: =IFERROR((ENTRI!E120)," ") -> Guru | H120: =IFERROR((ENTRI!F120)," ") -> 01 | I120: =IFERROR((ENTRI!G120)," ") -> AHMAD GHIYATSIDDIN, S.Pd. | J120: =IFERROR((ENTRI!H120)," ") -> 19970725 201707 06 01 62 | K120: =IFERROR((ENTRI!I120)," ") -> Trenggalek | L120: =IFERROR((ENTRI!J120)," ") -> 25 | M120: =IFERROR((ENTRI!K120)," ") -> 07 | N120: =IFERROR((ENTRI!L120)," ") -> 1997 | O120: =K120&","&" "&L120&"-"&M120&"-"&N120 -> Trenggalek, 25-07-1997 | P120: =IFERROR((ENTRI!N120)," ") -> 18 | Q120: =IFERROR((ENTRI!O120)," ") -> 07 | R120: =IFERROR((ENTRI!P120)," ") -> 2017 | S120: =P120&"-"&Q120&"-"&R120 -> 18-07-2017 | T120: =IFERROR((ENTRI!Q120)," ") -> 18 | U120: =IFERROR((ENTRI!R120)," ") -> 07 | V120: =IFERROR((ENTRI!S120)," ") -> 2017 | W120: =T120&"-"&U120&"-"&V120 -> 18-07-2017 | X120: =IFERROR((ENTRI!T120)," ") -> 8 | Y120: =IFERROR((ENTRI!U120)," ") -> 8 | Z120: =IFERROR((ENTRI!V120)," ") -> 8 | AA120: =IFERROR((ENTRI!W120)," ") -> 8 | AB120: =IFERROR((ENTRI!X120)," ") -> S1 | AC120: =IFERROR((ENTRI!Y120)," ") -> PENDIDIKAN AGAMA ISLAM | AD120: =IFERROR((ENTRI!Z120)," ") -> 0 | AE120: =IFERROR((ENTRI!AA120)," ") -> 0 | ... AQ120: =IFERROR((ENTRI!AM120)," ") -> 0 | AR120: =E120&"."&H120&"."&AW120&"."&ENTRI!$E$4 -> 06.01.113.2025 | AS120: ="YPP.QH/KP.01."&E120&"/"&AW120&"/"&ENTRI!$E$4 -> YPP.QH/KP.01.06/113/2025 | AW120: 113
A121: =IF(B121=0," ",RANK(B121,$B$8:$B$178,1)) -> 114 | B121: =R121 -> 2017 | C121: 114 | D121: =IFERROR(IF(ENTRI!B121=$AZ$9,$BA$9,IF(ENTRI!B121=$AZ$10,$BA$10,IF(ENTRI!B121=$AZ$11,$BA$11,IF(ENTRI!B121=$AZ$12,$BA$12,IF(ENTRI!B121=$AZ$13,$BA$13,IF(ENTRI!B121=$AZ$14,$BA$14,IF(ENTRI!B121=$AZ$15,$BA$15,IF(ENTRI!B121=$AZ$16,$BA$16,IF(ENTRI!B121=$AZ$17,$BA$17,IF(ENTRI!B121=$AZ$18,$BA$18," "))))))))))," ") -> SMK Qomarul Hidayah 2 Tugu | E121: =IFERROR((ENTRI!C121)," ") -> 07 | F121: =A121 -> 114 | G121: =IFERROR((ENTRI!E121)," ") -> Guru | H121: =IFERROR((ENTRI!F121)," ") -> 01 | I121: =IFERROR((ENTRI!G121)," ") -> ISNAINI 'AZIZAH FATTA, S.Pd. | J121: =IFERROR((ENTRI!H121)," ") -> 19940627 201707 07 01 63 | K121: =IFERROR((ENTRI!I121)," ") -> Trenggalek | L121: =IFERROR((ENTRI!J121)," ") -> 27 | M121: =IFERROR((ENTRI!K121)," ") -> 06 | N121: =IFERROR((ENTRI!L121)," ") -> 1994 | O121: =K121&","&" "&L121&"-"&M121&"-"&N121 -> Trenggalek, 27-06-1994 | P121: =IFERROR((ENTRI!N121)," ") -> 17 | Q121: =IFERROR((ENTRI!O121)," ") -> 07 | R121: =IFERROR((ENTRI!P121)," ") -> 2017 | S121: =P121&"-"&Q121&"-"&R121 -> 17-07-2017 | T121: =IFERROR((ENTRI!Q121)," ") -> 17 | U121: =IFERROR((ENTRI!R121)," ") -> 07 | V121: =IFERROR((ENTRI!S121)," ") -> 2017 | W121: =T121&"-"&U121&"-"&V121 -> 17-07-2017 | X121: =IFERROR((ENTRI!T121)," ") -> 8 | Y121: =IFERROR((ENTRI!U121)," ") -> 8 | Z121: =IFERROR((ENTRI!V121)," ") -> 8 | AA121: =IFERROR((ENTRI!W121)," ") -> 8 | AB121: =IFERROR((ENTRI!X121)," ") -> S1 | AC121: =IFERROR((ENTRI!Y121)," ") -> Pendidikan Matematika | AD121: =IFERROR((ENTRI!Z121)," ") -> 0 | AE121: =IFERROR((ENTRI!AA121)," ") -> 0 | ... AQ121: =IFERROR((ENTRI!AM121)," ") -> 0 | AR121: =E121&"."&H121&"."&AW121&"."&ENTRI!$E$4 -> 07.01.114.2025 | AS121: ="YPP.QH/KP.01."&E121&"/"&AW121&"/"&ENTRI!$E$4 -> YPP.QH/KP.01.07/114/2025 | AW121: 114
A122: =IF(B122=0," ",RANK(B122,$B$8:$B$178,1)) -> 112 | B122: =R122 -> 2016 | C122: 115 | D122: =IFERROR(IF(ENTRI!B122=$AZ$9,$BA$9,IF(ENTRI!B122=$AZ$10,$BA$10,IF(ENTRI!B122=$AZ$11,$BA$11,IF(ENTRI!B122=$AZ$12,$BA$12,IF(ENTRI!B122=$AZ$13,$BA$13,IF(ENTRI!B122=$AZ$14,$BA$14,IF(ENTRI!B122=$AZ$15,$BA$15,IF(ENTRI!B122=$AZ$16,$BA$16,IF(ENTRI!B122=$AZ$17,$BA$17,IF(ENTRI!B122=$AZ$18,$BA$18," "))))))))))," ") -> MI Qomarul Hidayah | E122: =IFERROR((ENTRI!C122)," ") -> 03 | F122: =A122 -> 112 | G122: =IFERROR((ENTRI!E122)," ") -> Guru | H122: =IFERROR((ENTRI!F122)," ") -> 01 | I122: =IFERROR((ENTRI!G122)," ") -> DZURIYATUL MUKAROMAH, S.Pd.I | J122: =IFERROR((ENTRI!H122)," ") -> 19921001 201607 03 01 103 | K122: =IFERROR((ENTRI!I122)," ") -> Blitar | L122: =IFERROR((ENTRI!J122)," ") -> 01 | M122: =IFERROR((ENTRI!K122)," ") -> 10 | N122: =IFERROR((ENTRI!L122)," ") -> 1992 | O122: =K122&","&" "&L122&"-"&M122&"-"&N122 -> Blitar , 01-10-1992 | P122: =IFERROR((ENTRI!N122)," ") -> 01 | Q122: =IFERROR((ENTRI!O122)," ") -> 07 | R122: =IFERROR((ENTRI!P122)," ") -> 2016 | S122: =P122&"-"&Q122&"-"&R122 -> 01-07-2016 | T122: =IFERROR((ENTRI!Q122)," ") -> 01 | U122: =IFERROR((ENTRI!R122)," ") -> 07 | V122: =IFERROR((ENTRI!S122)," ") -> 2016 | W122: =T122&"-"&U122&"-"&V122 -> 01-07-2016 | X122: =IFERROR((ENTRI!T122)," ") -> 9 | Y122: =IFERROR((ENTRI!U122)," ") -> 9 | Z122: =IFERROR((ENTRI!V122)," ") -> 9 | AA122: =IFERROR((ENTRI!W122)," ") -> 9 | AB122: =IFERROR((ENTRI!X122)," ") -> S1 | AC122: =IFERROR((ENTRI!Y122)," ") -> Pendidikan Bahasa Arab | AD122: =IFERROR((ENTRI!Z122)," ") -> 0 | AE122: =IFERROR((ENTRI!AA122)," ") -> 0 | ... AQ122: =IFERROR((ENTRI!AM122)," ") -> 0 | AR122: =E122&"."&H122&"."&AW122&"."&ENTRI!$E$4 -> 03.01.115.2025 | AS122: ="YPP.QH/KP.01."&E122&"/"&AW122&"/"&ENTRI!$E$4 -> YPP.QH/KP.01.03/115/2025 | AW122: 115
A123: =IF(B123=0," ",RANK(B123,$B$8:$B$178,1)) -> 118 | B123: =R123 -> 2018 | C123: 116 | D123: =IFERROR(IF(ENTRI!B123=$AZ$9,$BA$9,IF(ENTRI!B123=$AZ$10,$BA$10,IF(ENTRI!B123=$AZ$11,$BA$11,IF(ENTRI!B123=$AZ$12,$BA$12,IF(ENTRI!B123=$AZ$13,$BA$13,IF(ENTRI!B123=$AZ$14,$BA$14,IF(ENTRI!B123=$AZ$15,$BA$15,IF(ENTRI!B123=$AZ$16,$BA$16,IF(ENTRI!B123=$AZ$17,$BA$17,IF(ENTRI!B123=$AZ$18,$BA$18," "))))))))))," ") -> MI Qomarul Hidayah | E123: =IFERROR((ENTRI!C123)," ") -> 03 | F123: =A123 -> 118 | G123: =IFERROR((ENTRI!E123)," ") -> Guru | H123: =IFERROR((ENTRI!F123)," ") -> 01 | I123: =IFERROR((ENTRI!G123)," ") -> ELIS RAHMAWATI, S.Pd. | J123: =IFERROR((ENTRI!H123)," ") -> 19950722 201807 03 01 61 | K123: =IFERROR((ENTRI!I123)," ") -> Trenggalek | L123: =IFERROR((ENTRI!J123)," ") -> 22 | M123: =IFERROR((ENTRI!K123)," ") -> 07 | N123: =IFERROR((ENTRI!L123)," ") -> 1995 | O123: =K123&","&" "&L123&"-"&M123&"-"&N123 -> Trenggalek, 22-07-1995 | P123: =IFERROR((ENTRI!N123)," ") -> 16 | Q123: =IFERROR((ENTRI!O123)," ") -> 07 | R123: =IFERROR((ENTRI!P123)," ") -> 2018 | S123: =P123&"-"&Q123&"-"&R123 -> 16-07-2018 | T123: =IFERROR((ENTRI!Q123)," ") -> 16 | U123: =IFERROR((ENTRI!R123)," ") -> 07 | V123: =IFERROR((ENTRI!S123)," ") -> 2018 | W123: =T123&"-"&U123&"-"&V123 -> 16-07-2018 | X123: =IFERROR((ENTRI!T123)," ") -> 7 | Y123: =IFERROR((ENTRI!U123)," ") -> 7 | Z123: =IFERROR((ENTRI!V123)," ") -> 7 | AA123: =IFERROR((ENTRI!W123)," ") -> 7 | AB123: =IFERROR((ENTRI!X123)," ") -> S1 | AC123: =IFERROR((ENTRI!Y123)," ") -> Pendidikan Ekonomi | AD123: =IFERROR((ENTRI!Z123)," ") -> 0 | AE123: =IFERROR((ENTRI!AA123)," ") -> 0 | ... AQ123: =IFERROR((ENTRI!AM123)," ") -> 0 | AR123: =E123&"."&H123&"."&AW123&"."&ENTRI!$E$4 -> 03.01.116.2025 | AS123: ="YPP.QH/KP.01."&E123&"/"&AW123&"/"&ENTRI!$E$4 -> YPP.QH/KP.01.03/116/2025 | AW123: 116
A124: =IF(B124=0," ",RANK(B124,$B$8:$B$178,1)) -> 111 | B124: =R124 -> 2015 | C124: 117 | D124: =IFERROR(IF(ENTRI!B124=$AZ$9,$BA$9,IF(ENTRI!B124=$AZ$10,$BA$10,IF(ENTRI!B124=$AZ$11,$BA$11,IF(ENTRI!B124=$AZ$12,$BA$12,IF(ENTRI!B124=$AZ$13,$BA$13,IF(ENTRI!B124=$AZ$14,$BA$14,IF(ENTRI!B124=$AZ$15,$BA$15,IF(ENTRI!B124=$AZ$16,$BA$16,IF(ENTRI!B124=$AZ$17,$BA$17,IF(ENTRI!B124=$AZ$18,$BA$18," "))))))))))," ") -> MI Qomarul Hidayah | E124: =IFERROR((ENTRI!C124)," ") -> 03 | F124: =A124 -> 111 | G124: =IFERROR((ENTRI!E124)," ") -> Guru | H124: =IFERROR((ENTRI!F124)," ") -> 01 | I124: =IFERROR((ENTRI!G124)," ") -> SHINTA ALFANI'MA NUZULITA, S.Pd | J124: =IFERROR((ENTRI!H124)," ") -> 19900413 201507 03 01 01 | K124: =IFERROR((ENTRI!I124)," ") -> Jombang | L124: =IFERROR((ENTRI!J124)," ") -> 13 | M124: =IFERROR((ENTRI!K124)," ") -> 04 | N124: =IFERROR((ENTRI!L124)," ") -> 1990 | O124: =K124&","&" "&L124&"-"&M124&"-"&N124 -> Jombang, 13-04-1990 | P124: =IFERROR((ENTRI!N124)," ") -> 01 | Q124: =IFERROR((ENTRI!O124)," ") -> 07 | R124: =IFERROR((ENTRI!P124)," ") -> 2015 | S124: =P124&"-"&Q124&"-"&R124 -> 01-07-2015 | T124: =IFERROR((ENTRI!Q124)," ") -> 01 | U124: =IFERROR((ENTRI!R124)," ") -> 07 | V124: =IFERROR((ENTRI!S124)," ") -> 2015 | W124: =T124&"-"&U124&"-"&V124 -> 01-07-2015 | X124: =IFERROR((ENTRI!T124)," ") -> 10 | Y124: =IFERROR((ENTRI!U124)," ") -> 10 | Z124: =IFERROR((ENTRI!V124)," ") -> 10 | AA124: =IFERROR((ENTRI!W124)," ") -> 10 | AB124: =IFERROR((ENTRI!X124)," ") -> S1 | AC124: =IFERROR((ENTRI!Y124)," ") -> PGSD | AD124: =IFERROR((ENTRI!Z124)," ") -> 0 | AE124: =IFERROR((ENTRI!AA124)," ") -> 0 | ... AQ124: =IFERROR((ENTRI!AM124)," ") -> 0 | AR124: =E124&"."&H124&"."&AW124&"."&ENTRI!$E$4 -> 03.01.117.2025 | AS124: ="YPP.QH/KP.01."&E124&"/"&AW124&"/"&ENTRI!$E$4 -> YPP.QH/KP.01.03/117/2025 | AW124: 117
A125: =IF(B125=0," ",RANK(B125,$B$8:$B$178,1)) -> 118 | B125: =R125 -> 2018 | C125: 118 | D125: =IFERROR(IF(ENTRI!B125=$AZ$9,$BA$9,IF(ENTRI!B125=$AZ$10,$BA$10,IF(ENTRI!B125=$AZ$11,$BA$11,IF(ENTRI!B125=$AZ$12,$BA$12,IF(ENTRI!B125=$AZ$13,$BA$13,IF(ENTRI!B125=$AZ$14,$BA$14,IF(ENTRI!B125=$AZ$15,$BA$15,IF(ENTRI!B125=$AZ$16,$BA$16,IF(ENTRI!B125=$AZ$17,$BA$17,IF(ENTRI!B125=$AZ$18,$BA$18," "))))))))))," ") -> MI Qomarul Hidayah | E125: =IFERROR((ENTRI!C125)," ") | F125: =A125 -> 118 | G125: =IFERROR((ENTRI!E125)," ") -> Tenaga Kependidikan | H125: =IFERROR((ENTRI!F125)," ") | I125: =IFERROR((ENTRI!G125)," ") -> RIESKA SEVENTINA, S.Pd. | J125: =IFERROR((ENTRI!H125)," ") -> 19950507 201801 63 | K125: =IFERROR((ENTRI!I125)," ") -> Trenggalek | L125: =IFERROR((ENTRI!J125)," ") -> 07 | M125: =IFERROR((ENTRI!K125)," ") -> 05 | N125: =IFERROR((ENTRI!L125)," ") -> 1995 | O125: =K125&","&" "&L125&"-"&M125&"-"&N125 -> Trenggalek, 07-05-1995 | P125: =IFERROR((ENTRI!N125)," ") -> 01 | Q125: =IFERROR((ENTRI!O125)," ") -> 01 | R125: =IFERROR((ENTRI!P125)," ") -> 2018 | S125: =P125&"-"&Q125&"-"&R125 -> 01-01-2018 | T125: =IFERROR((ENTRI!Q125)," ") -> 01 | U125: =IFERROR((ENTRI!R125)," ") -> 01 | V125: =IFERROR((ENTRI!S125)," ") -> 2018 | W125: =T125&"-"&U125&"-"&V125 -> 01-01-2018 | X125: =IFERROR((ENTRI!T125)," ") -> 7 | Y125: =IFERROR((ENTRI!U125)," ") -> 7 | Z125: =IFERROR((ENTRI!V125)," ") -> 7 | AA125: =IFERROR((ENTRI!W125)," ") -> 7 | AB125: =IFERROR((ENTRI!X125)," ") -> S1 | AC125: =IFERROR((ENTRI!Y125)," ") -> PGMI | AD125: =IFERROR((ENTRI!Z125)," ") -> 0 | AE125: =IFERROR((ENTRI!AA125)," ") -> 0 | ... AQ125: =IFERROR((ENTRI!AM125)," ") -> 0 | AR125: =E125&"."&H125&"."&AW125&"."&ENTRI!$E$4 -> . .118.2025 | AS125: ="YPP.QH/KP.01."&E125&"/"&AW125&"/"&ENTRI!$E$4 -> YPP.QH/KP.01. /118/2025 | AW125: 118
A126: =IF(B126=0," ",RANK(B126,$B$8:$B$178,1)) -> 118 | B126: =R126 -> 2018 | C126: 119 | D126: =IFERROR(IF(ENTRI!B126=$AZ$9,$BA$9,IF(ENTRI!B126=$AZ$10,$BA$10,IF(ENTRI!B126=$AZ$11,$BA$11,IF(ENTRI!B126=$AZ$12,$BA$12,IF(ENTRI!B126=$AZ$13,$BA$13,IF(ENTRI!B126=$AZ$14,$BA$14,IF(ENTRI!B126=$AZ$15,$BA$15,IF(ENTRI!B126=$AZ$16,$BA$16,IF(ENTRI!B126=$AZ$17,$BA$17,IF(ENTRI!B126=$AZ$18,$BA$18," "))))))))))," ") -> SMK Qomarul Hidayah 2 Tugu | E126: =IFERROR((ENTRI!C126)," ") | F126: =A126 -> 118 | G126: =IFERROR((ENTRI!E126)," ") -> Guru | H126: =IFERROR((ENTRI!F126)," ") | I126: =IFERROR((ENTRI!G126)," ") -> FAHLAWENI CAHYANINGRUM, S.Pd. | J126: =IFERROR((ENTRI!H126)," ") -> 19961110 201807 65 | K126: =IFERROR((ENTRI!I126)," ") -> Trenggalek | L126: =IFERROR((ENTRI!J126)," ") -> 10 | M126: =IFERROR((ENTRI!K126)," ") -> 11 | N126: =IFERROR((ENTRI!L126)," ") -> 1996 | O126: =K126&","&" "&L126&"-"&M126&"-"&N126 -> Trenggalek, 10-11-1996 | P126: =IFERROR((ENTRI!N126)," ") -> 16 | Q126: =IFERROR((ENTRI!O126)," ") -> 07 | R126: =IFERROR((ENTRI!P126)," ") -> 2018 | S126: =P126&"-"&Q126&"-"&R126 -> 16-07-2018 | T126: =IFERROR((ENTRI!Q126)," ") -> 16 | U126: =IFERROR((ENTRI!R126)," ") -> 07 | V126: =IFERROR((ENTRI!S126)," ") -> 2018 | W126: =T126&"-"&U126&"-"&V126 -> 16-07-2018 | X126: =IFERROR((ENTRI!T126)," ") -> 7 | Y126: =IFERROR((ENTRI!U126)," ") -> 7 | Z126: =IFERROR((ENTRI!V126)," ") -> 7 | AA126: =IFERROR((ENTRI!W126)," ") -> 7 | AB126: =IFERROR((ENTRI!X126)," ") -> S1 | AC126: =IFERROR((ENTRI!Y126)," ") -> PENDIDIKAN GURU SEKOLAH DASAR | AD126: =IFERROR((ENTRI!Z126)," ") -> 0 | AE126: =IFERROR((ENTRI!AA126)," ") -> 0 | ... AQ126: =IFERROR((ENTRI!AM126)," ") -> 0 | AR126: =E126&"."&H126&"."&AW126&"."&ENTRI!$E$4 -> . .119.2025 | AS126: ="YPP.QH/KP.01."&E126&"/"&AW126&"/"&ENTRI!$E$4 -> YPP.QH/KP.01. /119/2025 | AW126: 119
A127: =IF(B127=0," ",RANK(B127,$B$8:$B$178,1)) -> 146 | B127: =R127 -> 2022 | C127: 120 | D127: =IFERROR(IF(ENTRI!B127=$AZ$9,$BA$9,IF(ENTRI!B127=$AZ$10,$BA$10,IF(ENTRI!B127=$AZ$11,$BA$11,IF(ENTRI!B127=$AZ$12,$BA$12,IF(ENTRI!B127=$AZ$13,$BA$13,IF(ENTRI!B127=$AZ$14,$BA$14,IF(ENTRI!B127=$AZ$15,$BA$15,IF(ENTRI!B127=$AZ$16,$BA$16,IF(ENTRI!B127=$AZ$17,$BA$17,IF(ENTRI!B127=$AZ$18,$BA$18," "))))))))))," ") | E127: =IFERROR((ENTRI!C127)," ") | F127: =A127 -> 146 | G127: =IFERROR((ENTRI!E127)," ") -> Guru | H127: =IFERROR((ENTRI!F127)," ") | I127: =IFERROR((ENTRI!G127)," ") -> MOHAMAD SYAHID, S.H. | J127: =IFERROR((ENTRI!H127)," ") -> 19940416 202207 07 | K127: =IFERROR((ENTRI!I127)," ") -> Ponorogo | L127: =IFERROR((ENTRI!J127)," ") -> 16 | M127: =IFERROR((ENTRI!K127)," ") -> 04 | N127: =IFERROR((ENTRI!L127)," ") -> 1994 | O127: =K127&","&" "&L127&"-"&M127&"-"&N127 -> Ponorogo, 16-04-1994 | P127: =IFERROR((ENTRI!N127)," ") -> 07 | Q127: =IFERROR((ENTRI!O127)," ") -> 07 | R127: =IFERROR((ENTRI!P127)," ") -> 2022 | S127: =P127&"-"&Q127&"-"&R127 -> 07-07-2022 | T127: =IFERROR((ENTRI!Q127)," ") -> 07 | U127: =IFERROR((ENTRI!R127)," ") -> 07 | V127: =IFERROR((ENTRI!S127)," ") -> 2022 | W127: =T127&"-"&U127&"-"&V127 -> 07-07-2022 | X127: =IFERROR((ENTRI!T127)," ") -> 3 | Y127: =IFERROR((ENTRI!U127)," ") -> 3 | Z127: =IFERROR((ENTRI!V127)," ") -> 3 | AA127: =IFERROR((ENTRI!W127)," ") -> 3 | AB127: =IFERROR((ENTRI!X127)," ") -> S1 | AC127: =IFERROR((ENTRI!Y127)," ") -> HUKUM | AD127: =IFERROR((ENTRI!Z127)," ") -> 0 | AE127: =IFERROR((ENTRI!AA127)," ") -> 0 | ... AQ127: =IFERROR((ENTRI!AM127)," ") -> 0 | AR127: =E127&"."&H127&"."&AW127&"."&ENTRI!$E$4 -> . .120.2025 | AS127: ="YPP.QH/KP.01."&E127&"/"&AW127&"/"&ENTRI!$E$4 -> YPP.QH/KP.01. /120/2025 | AW127: 120
A128: =IF(B128=0," ",RANK(B128,$B$8:$B$178,1)) -> 118 | B128: =R128 -> 2018 | C128: 121 | D128: =IFERROR(IF(ENTRI!B128=$AZ$9,$BA$9,IF(ENTRI!B128=$AZ$10,$BA$10,IF(ENTRI!B128=$AZ$11,$BA$11,IF(ENTRI!B128=$AZ$12,$BA$12,IF(ENTRI!B128=$AZ$13,$BA$13,IF(ENTRI!B128=$AZ$14,$BA$14,IF(ENTRI!B128=$AZ$15,$BA$15,IF(ENTRI!B128=$AZ$16,$BA$16,IF(ENTRI!B128=$AZ$17,$BA$17,IF(ENTRI!B128=$AZ$18,$BA$18," "))))))))))," ") -> SMK Qomarul Hidayah 2 Tugu | E128: =IFERROR((ENTRI!C128)," ") | F128: =A128 -> 118 | G128: =IFERROR((ENTRI!E128)," ") -> Guru | H128: =IFERROR((ENTRI!F128)," ") | I128: =IFERROR((ENTRI!G128)," ") -> ZULFA ANIFATUL CHOIRIYAH | J128: =IFERROR((ENTRI!H128)," ") -> 19941023 201807 | K128: =IFERROR((ENTRI!I128)," ") -> Trenggalek | L128: =IFERROR((ENTRI!J128)," ") -> 23 | M128: =IFERROR((ENTRI!K128)," ") -> 10 | N128: =IFERROR((ENTRI!L128)," ") -> 1994 | O128: =K128&","&" "&L128&"-"&M128&"-"&N128 -> Trenggalek, 23-10-1994 | P128: =IFERROR((ENTRI!N128)," ") -> 16 | Q128: =IFERROR((ENTRI!O128)," ") -> 07 | R128: =IFERROR((ENTRI!P128)," ") -> 2018 | S128: =P128&"-"&Q128&"-"&R128 -> 16-07-2018 | T128: =IFERROR((ENTRI!Q128)," ") -> 16 | U128: =IFERROR((ENTRI!R128)," ") -> 07 | V128: =IFERROR((ENTRI!S128)," ") -> 2018 | W128: =T128&"-"&U128&"-"&V128 -> 16-07-2018 | X128: =IFERROR((ENTRI!T128)," ") -> 7 | Y128: =IFERROR((ENTRI!U128)," ") -> 7 | Z128: =IFERROR((ENTRI!V128)," ") -> 7 | AA128: =IFERROR((ENTRI!W128)," ") -> 7 | AB128: =IFERROR((ENTRI!X128)," ") -> S1 | AC128: =IFERROR((ENTRI!Y128)," ") -> Pendidikan Kimia | AD128: =IFERROR((ENTRI!Z128)," ") -> 0 | AE128: =IFERROR((ENTRI!AA128)," ") -> 0 | ... AQ128: =IFERROR((ENTRI!AM128)," ") -> 0 | AR128: =E128&"."&H128&"."&AW128&"."&ENTRI!$E$4 -> . .121.2025 | AS128: ="YPP.QH/KP.01."&E128&"/"&AW128&"/"&ENTRI!$E$4 -> YPP.QH/KP.01. /121/2025 | AW128: 121
A129: =IF(B129=0," ",RANK(B129,$B$8:$B$178,1)) -> 118 | B129: =R129 -> 2018 | C129: 122 | D129: =IFERROR(IF(ENTRI!B129=$AZ$9,$BA$9,IF(ENTRI!B129=$AZ$10,$BA$10,IF(ENTRI!B129=$AZ$11,$BA$11,IF(ENTRI!B129=$AZ$12,$BA$12,IF(ENTRI!B129=$AZ$13,$BA$13,IF(ENTRI!B129=$AZ$14,$BA$14,IF(ENTRI!B129=$AZ$15,$BA$15,IF(ENTRI!B129=$AZ$16,$BA$16,IF(ENTRI!B129=$AZ$17,$BA$17,IF(ENTRI!B129=$AZ$18,$BA$18," "))))))))))," ") -> SMK Qomarul Hidayah 2 Tugu | E129: =IFERROR((ENTRI!C129)," ") | F129: =A129 -> 118 | G129: =IFERROR((ENTRI!E129)," ") -> Guru | H129: =IFERROR((ENTRI!F129)," ") | I129: =IFERROR((ENTRI!G129)," ") -> LUCKY AGA PRAUTAMA, S.Pd | J129: =IFERROR((ENTRI!H129)," ") -> 19950424 201807 65 | K129: =IFERROR((ENTRI!I129)," ") -> Trenggalek | L129: =IFERROR((ENTRI!J129)," ") -> 24 | M129: =IFERROR((ENTRI!K129)," ") -> 04 | N129: =IFERROR((ENTRI!L129)," ") -> 1995 | O129: =K129&","&" "&L129&"-"&M129&"-"&N129 -> Trenggalek, 24-04-1995 | P129: =IFERROR((ENTRI!N129)," ") -> 16 | Q129: =IFERROR((ENTRI!O129)," ") -> 07 | R129: =IFERROR((ENTRI!P129)," ") -> 2018 | S129: =P129&"-"&Q129&"-"&R129 -> 16-07-2018 | T129: =IFERROR((ENTRI!Q129)," ") -> 16 | U129: =IFERROR((ENTRI!R129)," ") -> 07 | V129: =IFERROR((ENTRI!S129)," ") -> 2018 | W129: =T129&"-"&U129&"-"&V129 -> 16-07-2018 | X129: =IFERROR((ENTRI!T129)," ") -> 7 | Y129: =IFERROR((ENTRI!U129)," ") -> 7 | Z129: =IFERROR((ENTRI!V129)," ") -> 7 | AA129: =IFERROR((ENTRI!W129)," ") -> 7 | AB129: =IFERROR((ENTRI!X129)," ") -> S1 | AC129: =IFERROR((ENTRI!Y129)," ") -> Pendidikan Pancasila dan Kewarganegaraan | AD129: =IFERROR((ENTRI!Z129)," ") -> 0 | AE129: =IFERROR((ENTRI!AA129)," ") -> 0 | ... AQ129: =IFERROR((ENTRI!AM129)," ") -> 0 | AR129: =E129&"."&H129&"."&AW129&"."&ENTRI!$E$4 -> . .122.2025 | AS129: ="YPP.QH/KP.01."&E129&"/"&AW129&"/"&ENTRI!$E$4 -> YPP.QH/KP.01. /122/2025 | AW129: 122
A130: =IF(B130=0," ",RANK(B130,$B$8:$B$178,1)) -> 118 | B130: =R130 -> 2018 | C130: 123 | D130: =IFERROR(IF(ENTRI!B130=$AZ$9,$BA$9,IF(ENTRI!B130=$AZ$10,$BA$10,IF(ENTRI!B130=$AZ$11,$BA$11,IF(ENTRI!B130=$AZ$12,$BA$12,IF(ENTRI!B130=$AZ$13,$BA$13,IF(ENTRI!B130=$AZ$14,$BA$14,IF(ENTRI!B130=$AZ$15,$BA$15,IF(ENTRI!B130=$AZ$16,$BA$16,IF(ENTRI!B130=$AZ$17,$BA$17,IF(ENTRI!B130=$AZ$18,$BA$18," "))))))))))," ") -> SMK Qomarul Hidayah 2 Tugu | E130: =IFERROR((ENTRI!C130)," ") | F130: =A130 -> 118 | G130: =IFERROR((ENTRI!E130)," ") -> Guru | H130: =IFERROR((ENTRI!F130)," ") | I130: =IFERROR((ENTRI!G130)," ") -> MITA APRILIA WIBAWATI, S.H. | J130: =IFERROR((ENTRI!H130)," ") -> 19960430 201807 65 | K130: =IFERROR((ENTRI!I130)," ") -> Trenggalek | L130: =IFERROR((ENTRI!J130)," ") -> 30 | M130: =IFERROR((ENTRI!K130)," ") -> 04 | N130: =IFERROR((ENTRI!L130)," ") -> 1996 | O130: =K130&","&" "&L130&"-"&M130&"-"&N130 -> Trenggalek, 30-04-1996 | P130: =IFERROR((ENTRI!N130)," ") -> 16 | Q130: =IFERROR((ENTRI!O130)," ") -> 07 | R130: =IFERROR((ENTRI!P130)," ") -> 2018 | S130: =P130&"-"&Q130&"-"&R130 -> 16-07-2018 | T130: =IFERROR((ENTRI!Q130)," ") -> 16 | U130: =IFERROR((ENTRI!R130)," ") -> 07 | V130: =IFERROR((ENTRI!S130)," ") -> 2018 | W130: =T130&"-"&U130&"-"&V130 -> 16-07-2018 | X130: =IFERROR((ENTRI!T130)," ") -> 7 | Y130: =IFERROR((ENTRI!U130)," ") -> 7 | Z130: =IFERROR((ENTRI!V130)," ") -> 7 | AA130: =IFERROR((ENTRI!W130)," ") -> 7 | AB130: =IFERROR((ENTRI!X130)," ") -> S1 | AC130: =IFERROR((ENTRI!Y130)," ") -> Hukum keluarga Islam | AD130: =IFERROR((ENTRI!Z130)," ") -> 0 | AE130: =IFERROR((ENTRI!AA130)," ") -> 0 | ... AQ130: =IFERROR((ENTRI!AM130)," ") -> 0 | AR130: =E130&"."&H130&"."&AW130&"."&ENTRI!$E$4 -> . .123.2025 | AS130: ="YPP.QH/KP.01."&E130&"/"&AW130&"/"&ENTRI!$E$4 -> YPP.QH/KP.01. /123/2025 | AW130: 123
... A144: =IF(B144=0," ",RANK(B144,$B$8:$B$178,1)) -> 133 | B144: =R144 -> 2020 | C144: 137 | D144: =IFERROR(IF(ENTRI!B144=$AZ$9,$BA$9,IF(ENTRI!B144=$AZ$10,$BA$10,IF(ENTRI!B144=$AZ$11,$BA$11,IF(ENTRI!B144=$AZ$12,$BA$12,IF(ENTRI!B144=$AZ$13,$BA$13,IF(ENTRI!B144=$AZ$14,$BA$14,IF(ENTRI!B144=$AZ$15,$BA$15,IF(ENTRI!B144=$AZ$16,$BA$16,IF(ENTRI!B144=$AZ$17,$BA$17,IF(ENTRI!B144=$AZ$18,$BA$18," "))))))))))," ") -> MA Qomarul Hidayah | E144: =IFERROR((ENTRI!C144)," ") -> 05 | F144: =A144 -> 133 | G144: =IFERROR((ENTRI!E144)," ") -> Guru | H144: =IFERROR((ENTRI!F144)," ") -> 01 | I144: =IFERROR((ENTRI!G144)," ") -> WAHYU MAWADATUL HABIBAH, S.Pd. | J144: =IFERROR((ENTRI!H144)," ") -> 19980429 202002 05 01 25 | K144: =IFERROR((ENTRI!I144)," ") -> Trenggalek | L144: =IFERROR((ENTRI!J144)," ") -> 29 | M144: =IFERROR((ENTRI!K144)," ") -> 04 | N144: =IFERROR((ENTRI!L144)," ") -> 1998 | O144: =K144&","&" "&L144&"-"&M144&"-"&N144 -> Trenggalek, 29-04-1998 | P144: =IFERROR((ENTRI!N144)," ") -> 21 | Q144: =IFERROR((ENTRI!O144)," ") -> 02 | R144: =IFERROR((ENTRI!P144)," ") -> 2020 | S144: =P144&"-"&Q144&"-"&R144 -> 21-02-2020 | T144: =IFERROR((ENTRI!Q144)," ") -> 21 | U144: =IFERROR((ENTRI!R144)," ") -> 02 | V144: =IFERROR((ENTRI!S144)," ") -> 2020 | W144: =T144&"-"&U144&"-"&V144 -> 21-02-2020 | X144: =IFERROR((ENTRI!T144)," ") -> 5 | Y144: =IFERROR((ENTRI!U144)," ") -> 5 | Z144: =IFERROR((ENTRI!V144)," ") -> 5 | AA144: =IFERROR((ENTRI!W144)," ") -> 5 | AB144: =IFERROR((ENTRI!X144)," ") -> S1 | AC144: =IFERROR((ENTRI!Y144)," ") -> TADRIS MATEMATIKA | AD144: =IFERROR((ENTRI!Z144)," ") -> 0 | AE144: =IFERROR((ENTRI!AA144)," ") -> 0 | ... AQ144: =IFERROR((ENTRI!AM144)," ") -> 0 | AR144: =E144&"."&H144&"."&AW144&"."&ENTRI!$E$4 -> 05.01.137.2025 | AS144: ="YPP.QH/KP.01."&E144&"/"&AW144&"/"&ENTRI!$E$4 -> YPP.QH/KP.01.05/137/2025 | AW144: 137
A145: =IF(B145=0," ",RANK(B145,$B$8:$B$178,1)) | B145: =R145 -> 0 | C145: 138 | D145: =IFERROR(IF(ENTRI!B145=$AZ$9,$BA$9,IF(ENTRI!B145=$AZ$10,$BA$10,IF(ENTRI!B145=$AZ$11,$BA$11,IF(ENTRI!B145=$AZ$12,$BA$12,IF(ENTRI!B145=$AZ$13,$BA$13,IF(ENTRI!B145=$AZ$14,$BA$14,IF(ENTRI!B145=$AZ$15,$BA$15,IF(ENTRI!B145=$AZ$16,$BA$16,IF(ENTRI!B145=$AZ$17,$BA$17,IF(ENTRI!B145=$AZ$18,$BA$18," "))))))))))," ") -> 0 | E145: =IFERROR((ENTRI!C145)," ") -> 0 | F145: =A145 | G145: =IFERROR((ENTRI!E145)," ") -> 0 | H145: =IFERROR((ENTRI!F145)," ") -> 0 | I145: =IFERROR((ENTRI!#REF!)," ") | J145: =IFERROR((ENTRI!H145)," ") -> 0 | K145: =IFERROR((ENTRI!I145)," ") -> Trenggalek | L145: =IFERROR((ENTRI!J145)," ") -> 0 | M145: =IFERROR((ENTRI!K145)," ") -> 0 | N145: =IFERROR((ENTRI!L145)," ") -> 0 | O145: =K145&","&" "&L145&"-"&M145&"-"&N145 -> Trenggalek, 0-0-0 | P145: =IFERROR((ENTRI!N145)," ") -> 0 | Q145: =IFERROR((ENTRI!O145)," ") -> 0 | R145: =IFERROR((ENTRI!P145)," ") -> 0 | S145: =P145&"-"&Q145&"-"&R145 -> 0-0-0 | T145: =IFERROR((ENTRI!Q145)," ") -> 0 | U145: =IFERROR((ENTRI!R145)," ") -> 0 | V145: =IFERROR((ENTRI!S145)," ") -> 0 | W145: =T145&"-"&U145&"-"&V145 -> 0-0-0 | X145: =IFERROR((ENTRI!T145)," ") -> 2025 | Y145: =IFERROR((ENTRI!U145)," ") -> 2025 | Z145: =IFERROR((ENTRI!V145)," ") | AA145: =IFERROR((ENTRI!W145)," ") | AB145: =IFERROR((ENTRI!X145)," ") -> S1 | AC145: =IFERROR((ENTRI!#REF!)," ") | AD145: =IFERROR((ENTRI!Z145)," ") -> 0 | AE145: =IFERROR((ENTRI!AA145)," ") -> 0 | AF145: =IFERROR((ENTRI!AB145)," ") -> 0 | AG145: =IFERROR((ENTRI!AC145)," ") -> 0 | AH145: =IFERROR((ENTRI!AD145)," ") -> 0 | AI145: =IFERROR((ENTRI!AE145)," ") -> 0 | AJ145: =IFERROR((ENTRI!AF145)," ") -> 0 | AK145: =IFERROR((ENTRI!AG145)," ") -> 0 | ... AQ145: =IFERROR((ENTRI!AM145)," ") -> 0 | AR145: =E145&"."&H145&"."&AW145&"."&ENTRI!$E$4 -> 0.0.138.2025 | AS145: ="YPP.QH/KP.01."&E145&"/"&AW145&"/"&ENTRI!$E$4 -> YPP.QH/KP.01.0/138/2025 | AW145: 138
A146: =IF(B146=0," ",RANK(B146,$B$8:$B$178,1)) -> 169 | B146: =R146 -> 2025 | C146: 139 | D146: =IFERROR(IF(ENTRI!B146=$AZ$9,$BA$9,IF(ENTRI!B146=$AZ$10,$BA$10,IF(ENTRI!B146=$AZ$11,$BA$11,IF(ENTRI!B146=$AZ$12,$BA$12,IF(ENTRI!B146=$AZ$13,$BA$13,IF(ENTRI!B146=$AZ$14,$BA$14,IF(ENTRI!B146=$AZ$15,$BA$15,IF(ENTRI!B146=$AZ$16,$BA$16,IF(ENTRI!B146=$AZ$17,$BA$17,IF(ENTRI!B146=$AZ$18,$BA$18," "))))))))))," ") -> SMK Qomarul Hidayah 2 Tugu | E146: =IFERROR((ENTRI!C146)," ") -> 07 | F146: =A146 -> 169 | G146: =IFERROR((ENTRI!E146)," ") -> Guru | H146: =IFERROR((ENTRI!F146)," ") -> 01 | I146: =IFERROR((ENTRI!#REF!)," ") | J146: =IFERROR((ENTRI!H146)," ") -> 20010610 202507 07 01 14 | K146: =IFERROR((ENTRI!I146)," ") -> Trenggalek | L146: =IFERROR((ENTRI!J146)," ") -> 10 | M146: =IFERROR((ENTRI!K146)," ") -> 06 | N146: =IFERROR((ENTRI!L146)," ") -> 2001 | O146: =K146&","&" "&L146&"-"&M146&"-"&N146 -> Trenggalek, 10-06-2001 | P146: =IFERROR((ENTRI!N146)," ") -> 14 | Q146: =IFERROR((ENTRI!O146)," ") -> 07 | R146: =IFERROR((ENTRI!P146)," ") -> 2025 | S146: =P146&"-"&Q146&"-"&R146 -> 14-07-2025 | T146: =IFERROR((ENTRI!Q146)," ") -> 14 | U146: =IFERROR((ENTRI!R146)," ") -> 07 | V146: =IFERROR((ENTRI!S146)," ") -> 2025 | W146: =T146&"-"&U146&"-"&V146 -> 14-07-2025 | X146: =IFERROR((ENTRI!T146)," ") -> 0 | Y146: =IFERROR((ENTRI!U146)," ") -> 0 | Z146: =IFERROR((ENTRI!V146)," ") -> 0 | AA146: =IFERROR((ENTRI!W146)," ") -> 0 | AB146: =IFERROR((ENTRI!X146)," ") -> S1 | AC146: =IFERROR((ENTRI!#REF!)," ") | AD146: =IFERROR((ENTRI!Z146)," ") -> 0 | AE146: =IFERROR((ENTRI!AA146)," ") -> 0 | AF146: =IFERROR((ENTRI!AB146)," ") -> 0 | AG146: =IFERROR((ENTRI!AC146)," ") -> 0 | AH146: =IFERROR((ENTRI!AD146)," ") -> 0 | AI146: =IFERROR((ENTRI!AE146)," ") -> 0 | AJ146: =IFERROR((ENTRI!AF146)," ") -> 0 | AK146: =IFERROR((ENTRI!AG146)," ") -> 0 | ... AQ146: =IFERROR((ENTRI!AM146)," ") -> 0 | AR146: =E146&"."&H146&"."&AW146&"."&ENTRI!$E$4 -> 07.01.139.2025 | AS146: ="YPP.QH/KP.01."&E146&"/"&AW146&"/"&ENTRI!$E$4 -> YPP.QH/KP.01.07/139/2025 | AW146: 139
A147: =IF(B147=0," ",RANK(B147,$B$8:$B$178,1)) -> 163 | B147: =R147 -> 2024 | C147: 140 | D147: =IFERROR(IF(ENTRI!B147=$AZ$9,$BA$9,IF(ENTRI!B147=$AZ$10,$BA$10,IF(ENTRI!B147=$AZ$11,$BA$11,IF(ENTRI!B147=$AZ$12,$BA$12,IF(ENTRI!B147=$AZ$13,$BA$13,IF(ENTRI!B147=$AZ$14,$BA$14,IF(ENTRI!B147=$AZ$15,$BA$15,IF(ENTRI!B147=$AZ$16,$BA$16,IF(ENTRI!B147=$AZ$17,$BA$17,IF(ENTRI!B147=$AZ$18,$BA$18," "))))))))))," ") -> MTs Qomarul Hidayah | E147: =IFERROR((ENTRI!C147)," ") -> 04 | F147: =A147 -> 163 | G147: =IFERROR((ENTRI!E147)," ") -> Guru | H147: =IFERROR((ENTRI!F147)," ") -> 01 | I147: =IFERROR((ENTRI!G147)," ") -> HARIATI KHOIROH, S.Pd. | J147: =IFERROR((ENTRI!H147)," ") -> 19920518 202407 04 01 15 | K147: =IFERROR((ENTRI!I147)," ") -> Trenggalek | L147: =IFERROR((ENTRI!J147)," ") -> 18 | M147: =IFERROR((ENTRI!K147)," ") -> 05 | N147: =IFERROR((ENTRI!L147)," ") -> 1992 | O147: =K147&","&" "&L147&"-"&M147&"-"&N147 -> Trenggalek, 18-05-1992 | P147: =IFERROR((ENTRI!N147)," ") -> 15 | Q147: =IFERROR((ENTRI!O147)," ") -> 07 | R147: =IFERROR((ENTRI!P147)," ") -> 2024 | S147: =P147&"-"&Q147&"-"&R147 -> 15-07-2024 | T147: =IFERROR((ENTRI!Q147)," ") -> 15 | U147: =IFERROR((ENTRI!R147)," ") -> 07 | V147: =IFERROR((ENTRI!S147)," ") -> 2024 | W147: =T147&"-"&U147&"-"&V147 -> 15-07-2024 | X147: =IFERROR((ENTRI!T147)," ") -> 1 | Y147: =IFERROR((ENTRI!U147)," ") -> 1 | Z147: =IFERROR((ENTRI!V147)," ") -> 1 | AA147: =IFERROR((ENTRI!W147)," ") -> 1 | AB147: =IFERROR((ENTRI!X147)," ") -> S1 | AC147: =IFERROR((ENTRI!Y147)," ") -> Bimbingan Konseling | AD147: =IFERROR((ENTRI!Z147)," ") -> 0 | AE147: =IFERROR((ENTRI!AA147)," ") -> 0 | ... AQ147: =IFERROR((ENTRI!AM147)," ") -> 0 | AR147: =E147&"."&H147&"."&AW147&"."&ENTRI!$E$4 -> 04.01.140.2025 | AS147: ="YPP.QH/KP.01."&E147&"/"&AW147&"/"&ENTRI!$E$4 -> YPP.QH/KP.01.04/140/2025 | AW147: 140
A148: =IF(B148=0," ",RANK(B148,$B$8:$B$178,1)) -> #VALUE! | B148: =R148 | C148: 141 | D148: =IFERROR(IF(ENTRI!#REF!=$AZ$9,$BA$9,IF(ENTRI!#REF!=$AZ$10,$BA$10,IF(ENTRI!#REF!=$AZ$11,$BA$11,IF(ENTRI!#REF!=$AZ$12,$BA$12,IF(ENTRI!#REF!=$AZ$13,$BA$13,IF(ENTRI!#REF!=$AZ$14,$BA$14,IF(ENTRI!#REF!=$AZ$15,$BA$15,IF(ENTRI!#REF!=$AZ$16,$BA$16,IF(ENTRI!#REF!=$AZ$17,$BA$17,IF(ENTRI!#REF!=$AZ$18,$BA$18," "))))))))))," ") | E148: =IFERROR((ENTRI!#REF!)," ") | F148: =A148 -> #VALUE! | G148: =IFERROR((ENTRI!#REF!)," ") | H148: =IFERROR((ENTRI!#REF!)," ") | I148: =IFERROR((ENTRI!#REF!)," ") | J148: =IFERROR((ENTRI!#REF!)," ") | K148: =IFERROR((ENTRI!#REF!)," ") | L148: =IFERROR((ENTRI!#REF!)," ") | M148: =IFERROR((ENTRI!#REF!)," ") | N148: =IFERROR((ENTRI!#REF!)," ") | O148: =K148&","&" "&L148&"-"&M148&"-"&N148 -> , - - | P148: =IFERROR((ENTRI!#REF!)," ") | Q148: =IFERROR((ENTRI!#REF!)," ") | R148: =IFERROR((ENTRI!#REF!)," ") | S148: =P148&"-"&Q148&"-"&R148 -> - - | T148: =IFERROR((ENTRI!#REF!)," ") | U148: =IFERROR((ENTRI!#REF!)," ") | V148: =IFERROR((ENTRI!#REF!)," ") | W148: =T148&"-"&U148&"-"&V148 -> - - | X148: =IFERROR((ENTRI!#REF!)," ") | Y148: =IFERROR((ENTRI!#REF!)," ") | Z148: =IFERROR((ENTRI!#REF!)," ") | AA148: =IFERROR((ENTRI!#REF!)," ") | AB148: =IFERROR((ENTRI!#REF!)," ") | AC148: =IFERROR((ENTRI!#REF!)," ") | AD148: =IFERROR((ENTRI!#REF!)," ") | AE148: =IFERROR((ENTRI!#REF!)," ") | ... AQ148: =IFERROR((ENTRI!#REF!)," ") | AR148: =E148&"."&H148&"."&AW148&"."&ENTRI!$E$4 -> . .141.2025 | AS148: ="YPP.QH/KP.01."&E148&"/"&AW148&"/"&ENTRI!$E$4 -> YPP.QH/KP.01. /141/2025 | AW148: 141
A149: =IF(B149=0," ",RANK(B149,$B$8:$B$178,1)) -> 155 | B149: =R149 -> 2023 | C149: 142 | D149: =IFERROR(IF(ENTRI!B148=$AZ$9,$BA$9,IF(ENTRI!B148=$AZ$10,$BA$10,IF(ENTRI!B148=$AZ$11,$BA$11,IF(ENTRI!B148=$AZ$12,$BA$12,IF(ENTRI!B148=$AZ$13,$BA$13,IF(ENTRI!B148=$AZ$14,$BA$14,IF(ENTRI!B148=$AZ$15,$BA$15,IF(ENTRI!B148=$AZ$16,$BA$16,IF(ENTRI!B148=$AZ$17,$BA$17,IF(ENTRI!B148=$AZ$18,$BA$18," "))))))))))," ") -> MI Qomarul Hidayah | E149: =IFERROR((ENTRI!C148)," ") -> 03 | F149: =A149 -> 155 | G149: =IFERROR((ENTRI!E148)," ") -> Guru | H149: =IFERROR((ENTRI!F148)," ") -> 01 | I149: =IFERROR((ENTRI!G148)," ") -> NAVIDA AMALIA, S.Pd. | J149: =IFERROR((ENTRI!H148)," ") -> 20000427 202307 03 01 17 | K149: =IFERROR((ENTRI!I148)," ") -> Trenggalek | L149: =IFERROR((ENTRI!J148)," ") -> 27 | M149: =IFERROR((ENTRI!K148)," ") -> 04 | N149: =IFERROR((ENTRI!L148)," ") -> 2000 | O149: =K149&","&" "&L149&"-"&M149&"-"&N149 -> Trenggalek, 27-04-2000 | P149: =IFERROR((ENTRI!N148)," ") -> 17 | Q149: =IFERROR((ENTRI!O148)," ") -> 07 | R149: =IFERROR((ENTRI!P148)," ") -> 2023 | S149: =P149&"-"&Q149&"-"&R149 -> 17-07-2023 | T149: =IFERROR((ENTRI!Q148)," ") -> 17 | U149: =IFERROR((ENTRI!R148)," ") -> 07 | V149: =IFERROR((ENTRI!S148)," ") -> 2023 | W149: =T149&"-"&U149&"-"&V149 -> 17-07-2023 | X149: =IFERROR((ENTRI!T148)," ") -> 2 | Y149: =IFERROR((ENTRI!U148)," ") -> 2 | Z149: =IFERROR((ENTRI!V148)," ") -> 2 | AA149: =IFERROR((ENTRI!W148)," ") -> 2 | AB149: =IFERROR((ENTRI!X148)," ") -> S1 | AC149: =IFERROR((ENTRI!Y148)," ") -> Pendidikan Agama Islam | AD149: =IFERROR((ENTRI!Z148)," ") -> 0 | AE149: =IFERROR((ENTRI!AA148)," ") -> 0 | ... AQ149: =IFERROR((ENTRI!AM148)," ") -> 0 | AR149: =E149&"."&H149&"."&AW149&"."&ENTRI!$E$4 -> 03.01.142.2025 | AS149: ="YPP.QH/KP.01."&E149&"/"&AW149&"/"&ENTRI!$E$4 -> YPP.QH/KP.01.03/142/2025 | AW149: 142
A150: =IF(B150=0," ",RANK(B150,$B$8:$B$178,1)) -> 137 | B150: =R150 -> 2021 | C150: 143 | D150: =IFERROR(IF(ENTRI!B149=$AZ$9,$BA$9,IF(ENTRI!B149=$AZ$10,$BA$10,IF(ENTRI!B149=$AZ$11,$BA$11,IF(ENTRI!B149=$AZ$12,$BA$12,IF(ENTRI!B149=$AZ$13,$BA$13,IF(ENTRI!B149=$AZ$14,$BA$14,IF(ENTRI!B149=$AZ$15,$BA$15,IF(ENTRI!B149=$AZ$16,$BA$16,IF(ENTRI!B149=$AZ$17,$BA$17,IF(ENTRI!B149=$AZ$18,$BA$18," "))))))))))," ") -> MTs Qomarul Hidayah | E150: =IFERROR((ENTRI!C149)," ") -> 04 | F150: =A150 -> 137 | G150: =IFERROR((ENTRI!E149)," ") -> Guru | H150: =IFERROR((ENTRI!F149)," ") -> 01 | I150: =IFERROR((ENTRI!G149)," ") -> FAJAR SHOLAHUDDIN ,S.Pd. | J150: =IFERROR((ENTRI!H149)," ") -> 19990118 202107 04 01 12 | K150: =IFERROR((ENTRI!I149)," ") -> Trenggalek | L150: =IFERROR((ENTRI!J149)," ") -> 18 | M150: =IFERROR((ENTRI!K149)," ") -> 01 | N150: =IFERROR((ENTRI!L149)," ") -> 1999 | O150: =K150&","&" "&L150&"-"&M150&"-"&N150 -> Trenggalek, 18-01-1999 | P150: =IFERROR((ENTRI!N149)," ") -> 12 | Q150: =IFERROR((ENTRI!O149)," ") -> 07 | R150: =IFERROR((ENTRI!P149)," ") -> 2021 | S150: =P150&"-"&Q150&"-"&R150 -> 12-07-2021 | T150: =IFERROR((ENTRI!Q149)," ") -> 12 | U150: =IFERROR((ENTRI!R149)," ") -> 07 | V150: =IFERROR((ENTRI!S149)," ") -> 2021 | W150: =T150&"-"&U150&"-"&V150 -> 12-07-2021 | X150: =IFERROR((ENTRI!T149)," ") -> 4 | Y150: =IFERROR((ENTRI!U149)," ") -> 4 | Z150: =IFERROR((ENTRI!V149)," ") -> 4 | AA150: =IFERROR((ENTRI!W149)," ") -> 4 | AB150: =IFERROR((ENTRI!X149)," ") -> S1 | AC150: =IFERROR((ENTRI!Y149)," ") -> BAHASA INDONESIA | AD150: =IFERROR((ENTRI!Z149)," ") -> 0 | AE150: =IFERROR((ENTRI!AA149)," ") -> 0 | ... AQ150: =IFERROR((ENTRI!AM149)," ") -> 0 | AR150: =E150&"."&H150&"."&AW150&"."&ENTRI!$E$4 -> 04.01.143.2025 | AS150: ="YPP.QH/KP.01."&E150&"/"&AW150&"/"&ENTRI!$E$4 -> YPP.QH/KP.01.04/143/2025 | AW150: 143
A151: =IF(B151=0," ",RANK(B151,$B$8:$B$178,1)) -> 163 | B151: =R151 -> 2024 | C151: 144 | D151: =IFERROR(IF(ENTRI!B150=$AZ$9,$BA$9,IF(ENTRI!B150=$AZ$10,$BA$10,IF(ENTRI!B150=$AZ$11,$BA$11,IF(ENTRI!B150=$AZ$12,$BA$12,IF(ENTRI!B150=$AZ$13,$BA$13,IF(ENTRI!B150=$AZ$14,$BA$14,IF(ENTRI!B150=$AZ$15,$BA$15,IF(ENTRI!B150=$AZ$16,$BA$16,IF(ENTRI!B150=$AZ$17,$BA$17,IF(ENTRI!B150=$AZ$18,$BA$18," "))))))))))," ") -> MTs Qomarul Hidayah | E151: =IFERROR((ENTRI!C150)," ") -> 04 | F151: =A151 -> 163 | G151: =IFERROR((ENTRI!E150)," ") -> Guru | H151: =IFERROR((ENTRI!F150)," ") -> 01 | I151: =IFERROR((ENTRI!G150)," ") -> TATU' NURMALA, S.Pd. | J151: =IFERROR((ENTRI!H150)," ") -> 20001128 202407 04 01 12 | K151: =IFERROR((ENTRI!I150)," ") -> Trenggalek | L151: =IFERROR((ENTRI!J150)," ") -> 28 | M151: =IFERROR((ENTRI!K150)," ") -> 11 | N151: =IFERROR((ENTRI!L150)," ") -> 2000 | O151: =K151&","&" "&L151&"-"&M151&"-"&N151 -> Trenggalek, 28-11-2000 | P151: =IFERROR((ENTRI!N150)," ") -> 15 | Q151: =IFERROR((ENTRI!O150)," ") -> 07 | R151: =IFERROR((ENTRI!P150)," ") -> 2024 | S151: =P151&"-"&Q151&"-"&R151 -> 15-07-2024 | T151: =IFERROR((ENTRI!Q150)," ") -> 15 | U151: =IFERROR((ENTRI!R150)," ") -> 07 | V151: =IFERROR((ENTRI!S150)," ") -> 2024 | W151: =T151&"-"&U151&"-"&V151 -> 15-07-2024 | X151: =IFERROR((ENTRI!T150)," ") -> 1 | Y151: =IFERROR((ENTRI!U150)," ") -> 1 | Z151: =IFERROR((ENTRI!V150)," ") -> 1 | AA151: =IFERROR((ENTRI!W150)," ") -> 1 | AB151: =IFERROR((ENTRI!X150)," ") -> S1 | AC151: =IFERROR((ENTRI!Y150)," ") -> PENDIDIKAN BAHASA ARAB | AD151: =IFERROR((ENTRI!Z150)," ") -> 0 | AE151: =IFERROR((ENTRI!AA150)," ") -> 0 | ... AQ151: =IFERROR((ENTRI!AM150)," ") -> 0 | AR151: =E151&"."&H151&"."&AW151&"."&ENTRI!$E$4 -> 04.01.144.2025 | AS151: ="YPP.QH/KP.01."&E151&"/"&AW151&"/"&ENTRI!$E$4 -> YPP.QH/KP.01.04/144/2025 | AW151: 144
A152: =IF(B152=0," ",RANK(B152,$B$8:$B$178,1)) -> 155 | B152: =R152 -> 2023 | C152: 145 | D152: =IFERROR(IF(ENTRI!B151=$AZ$9,$BA$9,IF(ENTRI!B151=$AZ$10,$BA$10,IF(ENTRI!B151=$AZ$11,$BA$11,IF(ENTRI!B151=$AZ$12,$BA$12,IF(ENTRI!B151=$AZ$13,$BA$13,IF(ENTRI!B151=$AZ$14,$BA$14,IF(ENTRI!B151=$AZ$15,$BA$15,IF(ENTRI!B151=$AZ$16,$BA$16,IF(ENTRI!B151=$AZ$17,$BA$17,IF(ENTRI!B151=$AZ$18,$BA$18," "))))))))))," ") -> MTs Qomarul Hidayah | E152: =IFERROR((ENTRI!C151)," ") -> 04 | F152: =A152 -> 155 | G152: =IFERROR((ENTRI!E151)," ") -> Guru | H152: =IFERROR((ENTRI!F151)," ") -> 01 | I152: =IFERROR((ENTRI!G151)," ") -> ZULFIANA SULHA ULUWIYA, S.Pd. | J152: =IFERROR((ENTRI!H151)," ") -> 19981120 202307 04 01 17 | K152: =IFERROR((ENTRI!I151)," ") -> Trenggalek | L152: =IFERROR((ENTRI!J151)," ") -> 20 | M152: =IFERROR((ENTRI!K151)," ") -> 11 | N152: =IFERROR((ENTRI!L151)," ") -> 1998 | O152: =K152&","&" "&L152&"-"&M152&"-"&N152 -> Trenggalek, 20-11-1998 | P152: =IFERROR((ENTRI!N151)," ") -> 17 | Q152: =IFERROR((ENTRI!O151)," ") -> 07 | R152: =IFERROR((ENTRI!P151)," ") -> 2023 | S152: =P152&"-"&Q152&"-"&R152 -> 17-07-2023 | T152: =IFERROR((ENTRI!Q151)," ") -> 17 | U152: =IFERROR((ENTRI!R151)," ") -> 07 | V152: =IFERROR((ENTRI!S151)," ") -> 2023 | W152: =T152&"-"&U152&"-"&V152 -> 17-07-2023 | X152: =IFERROR((ENTRI!T151)," ") -> 2 | Y152: =IFERROR((ENTRI!U151)," ") -> 2 | Z152: =IFERROR((ENTRI!V151)," ") -> 2 | AA152: =IFERROR((ENTRI!W151)," ") -> 2 | AB152: =IFERROR((ENTRI!X151)," ") -> S1 | AC152: =IFERROR((ENTRI!Y151)," ") -> PENDIDIKAN BAHASA ARAB | AD152: =IFERROR((ENTRI!Z151)," ") -> 0 | AE152: =IFERROR((ENTRI!AA151)," ") -> 0 | ... AQ152: =IFERROR((ENTRI!AM151)," ") -> 0 | AR152: =E152&"."&H152&"."&AW152&"."&ENTRI!$E$4 -> 04.01.145.2025 | AS152: ="YPP.QH/KP.01."&E152&"/"&AW152&"/"&ENTRI!$E$4 -> YPP.QH/KP.01.04/145/2025 | AW152: 145
A153: =IF(B153=0," ",RANK(B153,$B$8:$B$178,1)) -> 137 | B153: =R153 -> 2021 | C153: 146 | D153: =IFERROR(IF(ENTRI!B152=$AZ$9,$BA$9,IF(ENTRI!B152=$AZ$10,$BA$10,IF(ENTRI!B152=$AZ$11,$BA$11,IF(ENTRI!B152=$AZ$12,$BA$12,IF(ENTRI!B152=$AZ$13,$BA$13,IF(ENTRI!B152=$AZ$14,$BA$14,IF(ENTRI!B152=$AZ$15,$BA$15,IF(ENTRI!B152=$AZ$16,$BA$16,IF(ENTRI!B152=$AZ$17,$BA$17,IF(ENTRI!B152=$AZ$18,$BA$18," "))))))))))," ") -> MTs Qomarul Hidayah | E153: =IFERROR((ENTRI!C152)," ") -> 04 | F153: =A153 -> 137 | G153: =IFERROR((ENTRI!E152)," ") -> Guru | H153: =IFERROR((ENTRI!F152)," ") -> 01 | I153: =IFERROR((ENTRI!G152)," ") -> ACHMAD FAUZI, S.Pd. | J153: =IFERROR((ENTRI!H152)," ") -> 19860225 202107 04 01 12 | K153: =IFERROR((ENTRI!I152)," ") -> Trenggalek | L153: =IFERROR((ENTRI!J152)," ") -> 25 | M153: =IFERROR((ENTRI!K152)," ") -> 02 | N153: =IFERROR((ENTRI!L152)," ") -> 1986 | O153: =K153&","&" "&L153&"-"&M153&"-"&N153 -> Trenggalek, 25-02-1986 | P153: =IFERROR((ENTRI!N152)," ") -> 12 | Q153: =IFERROR((ENTRI!O152)," ") -> 07 | R153: =IFERROR((ENTRI!P152)," ") -> 2021 | S153: =P153&"-"&Q153&"-"&R153 -> 12-07-2021 | T153: =IFERROR((ENTRI!Q152)," ") -> 12 | U153: =IFERROR((ENTRI!R152)," ") -> 07 | V153: =IFERROR((ENTRI!S152)," ") -> 2021 | W153: =T153&"-"&U153&"-"&V153 -> 12-07-2021 | X153: =IFERROR((ENTRI!T152)," ") -> 4 | Y153: =IFERROR((ENTRI!U152)," ") -> 4 | Z153: =IFERROR((ENTRI!V152)," ") -> 4 | AA153: =IFERROR((ENTRI!W152)," ") -> 4 | AB153: =IFERROR((ENTRI!X152)," ") -> S1 | AC153: =IFERROR((ENTRI!Y152)," ") -> PJOK | AD153: =IFERROR((ENTRI!Z152)," ") -> 0 | AE153: =IFERROR((ENTRI!AA152)," ") -> 0 | ... AQ153: =IFERROR((ENTRI!AM152)," ") -> 0 | AR153: =E153&"."&H153&"."&AW153&"."&ENTRI!$E$4 -> 04.01.146.2025 | AS153: ="YPP.QH/KP.01."&E153&"/"&AW153&"/"&ENTRI!$E$4 -> YPP.QH/KP.01.04/146/2025 | AW153: 146
A154: =IF(B154=0," ",RANK(B154,$B$8:$B$178,1)) -> 137 | B154: =R154 -> 2021 | C154: 147 | D154: =IFERROR(IF(ENTRI!B153=$AZ$9,$BA$9,IF(ENTRI!B153=$AZ$10,$BA$10,IF(ENTRI!B153=$AZ$11,$BA$11,IF(ENTRI!B153=$AZ$12,$BA$12,IF(ENTRI!B153=$AZ$13,$BA$13,IF(ENTRI!B153=$AZ$14,$BA$14,IF(ENTRI!B153=$AZ$15,$BA$15,IF(ENTRI!B153=$AZ$16,$BA$16,IF(ENTRI!B153=$AZ$17,$BA$17,IF(ENTRI!B153=$AZ$18,$BA$18," "))))))))))," ") -> MTs Qomarul Hidayah | E154: =IFERROR((ENTRI!C153)," ") -> 04 | F154: =A154 -> 137 | G154: =IFERROR((ENTRI!E153)," ") -> Guru | H154: =IFERROR((ENTRI!F153)," ") -> 01 | I154: =IFERROR((ENTRI!G153)," ") -> WAHYU NUR AISYIAH MAULANA, S.Pd. | J154: =IFERROR((ENTRI!H153)," ") -> 19980707 202107 04 01 12 | K154: =IFERROR((ENTRI!I153)," ") -> Trenggalek | L154: =IFERROR((ENTRI!J153)," ") -> 07 | M154: =IFERROR((ENTRI!K153)," ") -> 07 | N154: =IFERROR((ENTRI!L153)," ") -> 1998 | O154: =K154&","&" "&L154&"-"&M154&"-"&N154 -> Trenggalek, 07-07-1998 | P154: =IFERROR((ENTRI!N153)," ") -> 12 | Q154: =IFERROR((ENTRI!O153)," ") -> 07 | R154: =IFERROR((ENTRI!P153)," ") -> 2021 | S154: =P154&"-"&Q154&"-"&R154 -> 12-07-2021 | T154: =IFERROR((ENTRI!Q153)," ") -> 12 | U154: =IFERROR((ENTRI!R153)," ") -> 07 | V154: =IFERROR((ENTRI!S153)," ") -> 2021 | W154: =T154&"-"&U154&"-"&V154 -> 12-07-2021 | X154: =IFERROR((ENTRI!T153)," ") -> 4 | Y154: =IFERROR((ENTRI!U153)," ") -> 4 | Z154: =IFERROR((ENTRI!V153)," ") -> 4 | AA154: =IFERROR((ENTRI!W153)," ") -> 4 | AB154: =IFERROR((ENTRI!X153)," ") -> S1 | AC154: =IFERROR((ENTRI!Y153)," ") -> PPKN | AD154: =IFERROR((ENTRI!Z153)," ") -> 0 | AE154: =IFERROR((ENTRI!AA153)," ") -> 0 | ... AQ154: =IFERROR((ENTRI!AM153)," ") -> 0 | AR154: =E154&"."&H154&"."&AW154&"."&ENTRI!$E$4 -> 04.01.147.2025 | AS154: ="YPP.QH/KP.01."&E154&"/"&AW154&"/"&ENTRI!$E$4 -> YPP.QH/KP.01.04/147/2025 | AW154: 147
A155: =IF(B155=0," ",RANK(B155,$B$8:$B$178,1)) -> 163 | B155: =R155 -> 2024 | C155: 148 | D155: =IFERROR(IF(ENTRI!B154=$AZ$9,$BA$9,IF(ENTRI!B154=$AZ$10,$BA$10,IF(ENTRI!B154=$AZ$11,$BA$11,IF(ENTRI!B154=$AZ$12,$BA$12,IF(ENTRI!B154=$AZ$13,$BA$13,IF(ENTRI!B154=$AZ$14,$BA$14,IF(ENTRI!B154=$AZ$15,$BA$15,IF(ENTRI!B154=$AZ$16,$BA$16,IF(ENTRI!B154=$AZ$17,$BA$17,IF(ENTRI!B154=$AZ$18,$BA$18," "))))))))))," ") -> MTs Qomarul Hidayah | E155: =IFERROR((ENTRI!C154)," ") -> 04 | F155: =A155 -> 163 | G155: =IFERROR((ENTRI!E154)," ") -> Guru | H155: =IFERROR((ENTRI!F154)," ") -> 01 | I155: =IFERROR((ENTRI!G154)," ") -> MUHAMMAD ROUFUL IBAD, S.Pd. | J155: =IFERROR((ENTRI!H154)," ") -> 19931205 202407 04 01 15 | K155: =IFERROR((ENTRI!I154)," ") -> Trenggalek | L155: =IFERROR((ENTRI!J154)," ") -> 05 | M155: =IFERROR((ENTRI!K154)," ") -> 12 | N155: =IFERROR((ENTRI!L154)," ") -> 1993 | O155: =K155&","&" "&L155&"-"&M155&"-"&N155 -> Trenggalek, 05-12-1993 | P155: =IFERROR((ENTRI!N154)," ") -> 15 | Q155: =IFERROR((ENTRI!O154)," ") -> 07 | R155: =IFERROR((ENTRI!P154)," ") -> 2024 | S155: =P155&"-"&Q155&"-"&R155 -> 15-07-2024 | T155: =IFERROR((ENTRI!Q154)," ") -> 15 | U155: =IFERROR((ENTRI!R154)," ") -> 07 | V155: =IFERROR((ENTRI!S154)," ") -> 2024 | W155: =T155&"-"&U155&"-"&V155 -> 15-07-2024 | X155: =IFERROR((ENTRI!T154)," ") -> 1 | Y155: =IFERROR((ENTRI!U154)," ") -> 1 | Z155: =IFERROR((ENTRI!V154)," ") -> 1 | AA155: =IFERROR((ENTRI!W154)," ") -> 1 | AB155: =IFERROR((ENTRI!X154)," ") -> S1 | AC155: =IFERROR((ENTRI!Y154)," ") -> PENDIDIKAN AGAMA ISLAM | AD155: =IFERROR((ENTRI!Z154)," ") -> 0 | AE155: =IFERROR((ENTRI!AA154)," ") -> 0 | ... AQ155: =IFERROR((ENTRI!AM154)," ") -> 0 | AR155: =E155&"."&H155&"."&AW155&"."&ENTRI!$E$4 -> 04.01.148.2025 | AS155: ="YPP.QH/KP.01."&E155&"/"&AW155&"/"&ENTRI!$E$4 -> YPP.QH/KP.01.04/148/2025 | AW155: 148
A156: =IF(B156=0," ",RANK(B156,$B$8:$B$178,1)) -> 146 | B156: =R156 -> 2022 | C156: 149 | D156: =IFERROR(IF(ENTRI!B155=$AZ$9,$BA$9,IF(ENTRI!B155=$AZ$10,$BA$10,IF(ENTRI!B155=$AZ$11,$BA$11,IF(ENTRI!B155=$AZ$12,$BA$12,IF(ENTRI!B155=$AZ$13,$BA$13,IF(ENTRI!B155=$AZ$14,$BA$14,IF(ENTRI!B155=$AZ$15,$BA$15,IF(ENTRI!B155=$AZ$16,$BA$16,IF(ENTRI!B155=$AZ$17,$BA$17,IF(ENTRI!B155=$AZ$18,$BA$18," "))))))))))," ") -> SMK Qomarul Hidayah 1 Tugu | E156: =IFERROR((ENTRI!C155)," ") -> 06 | F156: =A156 -> 146 | G156: =IFERROR((ENTRI!E155)," ") -> Guru | H156: =IFERROR((ENTRI!F155)," ") -> 01 | I156: =IFERROR((ENTRI!G155)," ") -> HAPPY RIKADIYANTO, S.T. | J156: =IFERROR((ENTRI!H155)," ") -> 19911002 202202 06 01 20 | K156: =IFERROR((ENTRI!I155)," ") -> Trenggalek | L156: =IFERROR((ENTRI!J155)," ") -> 02 | M156: =IFERROR((ENTRI!K155)," ") -> 10 | N156: =IFERROR((ENTRI!L155)," ") -> 1991 | O156: =K156&","&" "&L156&"-"&M156&"-"&N156 -> Trenggalek, 02-10-1991 | P156: =IFERROR((ENTRI!N155)," ") -> 20 | Q156: =IFERROR((ENTRI!O155)," ") -> 02 | R156: =IFERROR((ENTRI!P155)," ") -> 2022 | S156: =P156&"-"&Q156&"-"&R156 -> 20-02-2022 | T156: =IFERROR((ENTRI!Q155)," ") -> 20 | U156: =IFERROR((ENTRI!R155)," ") -> 03 | V156: =IFERROR((ENTRI!S155)," ") -> 2022 | W156: =T156&"-"&U156&"-"&V156 -> 20-03-2022 | X156: =IFERROR((ENTRI!T155)," ") -> 3 | Y156: =IFERROR((ENTRI!U155)," ") -> 3 | Z156: =IFERROR((ENTRI!V155)," ") -> 3 | AA156: =IFERROR((ENTRI!W155)," ") -> 3 | AB156: =IFERROR((ENTRI!X155)," ") -> S1 | AC156: =IFERROR((ENTRI!Y155)," ") -> TEKNIK INDUSTRI | AD156: =IFERROR((ENTRI!Z155)," ") -> 0 | AE156: =IFERROR((ENTRI!AA155)," ") -> 0 | ... AQ156: =IFERROR((ENTRI!AM155)," ") -> 0 | AR156: =E156&"."&H156&"."&AW156&"."&ENTRI!$E$4 -> 06.01.149.2025 | AS156: ="YPP.QH/KP.01."&E156&"/"&AW156&"/"&ENTRI!$E$4 -> YPP.QH/KP.01.06/149/2025 | AW156: 149
A157: =IF(B157=0," ",RANK(B157,$B$8:$B$178,1)) -> 137 | B157: =R157 -> 2021 | C157: 150 | D157: =IFERROR(IF(ENTRI!B156=$AZ$9,$BA$9,IF(ENTRI!B156=$AZ$10,$BA$10,IF(ENTRI!B156=$AZ$11,$BA$11,IF(ENTRI!B156=$AZ$12,$BA$12,IF(ENTRI!B156=$AZ$13,$BA$13,IF(ENTRI!B156=$AZ$14,$BA$14,IF(ENTRI!B156=$AZ$15,$BA$15,IF(ENTRI!B156=$AZ$16,$BA$16,IF(ENTRI!B156=$AZ$17,$BA$17,IF(ENTRI!B156=$AZ$18,$BA$18," "))))))))))," ") -> MTs Qomarul Hidayah | E157: =IFERROR((ENTRI!C156)," ") -> 04 | F157: =A157 -> 137 | G157: =IFERROR((ENTRI!E156)," ") -> Guru | H157: =IFERROR((ENTRI!F156)," ") -> 01 | I157: =IFERROR((ENTRI!G156)," ") -> FIRDANIARDI YOGA LIANTO, M.Pd. | J157: =IFERROR((ENTRI!H156)," ") -> 19980625 202101 04 01 02 | K157: =IFERROR((ENTRI!I156)," ") -> Jakarta | L157: =IFERROR((ENTRI!J156)," ") -> 25 | M157: =IFERROR((ENTRI!K156)," ") -> 06 | N157: =IFERROR((ENTRI!L156)," ") -> 1998 | O157: =K157&","&" "&L157&"-"&M157&"-"&N157 -> Jakarta, 25-06-1998 | P157: =IFERROR((ENTRI!N156)," ") -> 02 | Q157: =IFERROR((ENTRI!O156)," ") -> 01 | R157: =IFERROR((ENTRI!P156)," ") -> 2021 | S157: =P157&"-"&Q157&"-"&R157 -> 02-01-2021 | T157: =IFERROR((ENTRI!Q156)," ") -> 02 | U157: =IFERROR((ENTRI!R156)," ") -> 01 | V157: =IFERROR((ENTRI!S156)," ") -> 2021 | W157: =T157&"-"&U157&"-"&V157 -> 02-01-2021 | X157: =IFERROR((ENTRI!T156)," ") -> 4 | Y157: =IFERROR((ENTRI!U156)," ") -> 4 | Z157: =IFERROR((ENTRI!V156)," ") -> 4 | AA157: =IFERROR((ENTRI!W156)," ") -> 4 | AB157: =IFERROR((ENTRI!X156)," ") -> S2 | AC157: =IFERROR((ENTRI!Y156)," ") -> TADRIS BAHASA INGGRIS | AD157: =IFERROR((ENTRI!Z156)," ") -> 0 | AE157: =IFERROR((ENTRI!AA156)," ") -> 0 | ... AQ157: =IFERROR((ENTRI!AM156)," ") -> 0 | AR157: =E157&"."&H157&"."&AW157&"."&ENTRI!$E$4 -> 04.01.150.2025 | AS157: ="YPP.QH/KP.01."&E157&"/"&AW157&"/"&ENTRI!$E$4 -> YPP.QH/KP.01.04/150/2025 | AW157: 150
A158: =IF(B158=0," ",RANK(B158,$B$8:$B$178,1)) -> 155 | B158: =R158 -> 2023 | C158: 151 | D158: =IFERROR(IF(ENTRI!B157=$AZ$9,$BA$9,IF(ENTRI!B157=$AZ$10,$BA$10,IF(ENTRI!B157=$AZ$11,$BA$11,IF(ENTRI!B157=$AZ$12,$BA$12,IF(ENTRI!B157=$AZ$13,$BA$13,IF(ENTRI!B157=$AZ$14,$BA$14,IF(ENTRI!B157=$AZ$15,$BA$15,IF(ENTRI!B157=$AZ$16,$BA$16,IF(ENTRI!B157=$AZ$17,$BA$17,IF(ENTRI!B157=$AZ$18,$BA$18," "))))))))))," ") -> MI Qomarul Hidayah | E158: =IFERROR((ENTRI!C157)," ") -> 03 | F158: =A158 -> 155 | G158: =IFERROR((ENTRI!E157)," ") -> Tenaga Kependidikan | H158: =IFERROR((ENTRI!F157)," ") -> 02 | I158: =IFERROR((ENTRI!G157)," ") -> AFIDATUN NUR ANNISA' | J158: =IFERROR((ENTRI!H157)," ") -> 20030505 202307 03 02 17 | K158: =IFERROR((ENTRI!I157)," ") -> Trenggalek | L158: =IFERROR((ENTRI!J157)," ") -> 05 | M158: =IFERROR((ENTRI!K157)," ") -> 05 | N158: =IFERROR((ENTRI!L157)," ") -> 2003 | O158: =K158&","&" "&L158&"-"&M158&"-"&N158 -> Trenggalek, 05-05-2003 | P158: =IFERROR((ENTRI!N157)," ") -> 17 | Q158: =IFERROR((ENTRI!O157)," ") -> 07 | R158: =IFERROR((ENTRI!P157)," ") -> 2023 | S158: =P158&"-"&Q158&"-"&R158 -> 17-07-2023 | T158: =IFERROR((ENTRI!Q157)," ") -> 17 | U158: =IFERROR((ENTRI!R157)," ") -> 07 | V158: =IFERROR((ENTRI!S157)," ") -> 2023 | W158: =T158&"-"&U158&"-"&V158 -> 17-07-2023 | X158: =IFERROR((ENTRI!T157)," ") -> 2 | Y158: =IFERROR((ENTRI!U157)," ") -> 2 | Z158: =IFERROR((ENTRI!V157)," ") -> 2 | AA158: =IFERROR((ENTRI!W157)," ") -> 2 | AB158: =IFERROR((ENTRI!X157)," ") -> SLTA | AC158: =IFERROR((ENTRI!Y157)," ") -> IPS | AD158: =IFERROR((ENTRI!Z157)," ") -> 0 | AE158: =IFERROR((ENTRI!AA157)," ") -> 0 | ... AQ158: =IFERROR((ENTRI!AM157)," ") -> 0 | AR158: =E158&"."&H158&"."&AW158&"."&ENTRI!$E$4 -> 03.02.151.2025 | AS158: ="YPP.QH/KP.01."&E158&"/"&AW158&"/"&ENTRI!$E$4 -> YPP.QH/KP.01.03/151/2025 | AW158: 151
A159: =IF(B159=0," ",RANK(B159,$B$8:$B$178,1)) -> 133 | B159: =R159 -> 2020 | C159: 152 | D159: =IFERROR(IF(ENTRI!B158=$AZ$9,$BA$9,IF(ENTRI!B158=$AZ$10,$BA$10,IF(ENTRI!B158=$AZ$11,$BA$11,IF(ENTRI!B158=$AZ$12,$BA$12,IF(ENTRI!B158=$AZ$13,$BA$13,IF(ENTRI!B158=$AZ$14,$BA$14,IF(ENTRI!B158=$AZ$15,$BA$15,IF(ENTRI!B158=$AZ$16,$BA$16,IF(ENTRI!B158=$AZ$17,$BA$17,IF(ENTRI!B158=$AZ$18,$BA$18," "))))))))))," ") -> SMK Qomarul Hidayah 1 Tugu | E159: =IFERROR((ENTRI!C158)," ") -> 06 | F159: =A159 -> 133 | G159: =IFERROR((ENTRI!E158)," ") -> Tenaga Kependidikan | H159: =IFERROR((ENTRI!F158)," ") -> 02 | I159: =IFERROR((ENTRI!G158)," ") -> INTAN MAYANGSARI, S.Pd. | J159: =IFERROR((ENTRI!H158)," ") -> 19980314 202007 06 02 13 | K159: =IFERROR((ENTRI!I158)," ") -> Trenggalek | L159: =IFERROR((ENTRI!J158)," ") -> 14 | M159: =IFERROR((ENTRI!K158)," ") -> 03 | N159: =IFERROR((ENTRI!L158)," ") -> 1998 | O159: =K159&","&" "&L159&"-"&M159&"-"&N159 -> Trenggalek, 14-03-1998 | P159: =IFERROR((ENTRI!N158)," ") -> 13 | Q159: =IFERROR((ENTRI!O158)," ") -> 07 | R159: =IFERROR((ENTRI!P158)," ") -> 2020 | S159: =P159&"-"&Q159&"-"&R159 -> 13-07-2020 | T159: =IFERROR((ENTRI!Q158)," ") -> 13 | U159: =IFERROR((ENTRI!R158)," ") -> 07 | V159: =IFERROR((ENTRI!S158)," ") -> 2020 | W159: =T159&"-"&U159&"-"&V159 -> 13-07-2020 | X159: =IFERROR((ENTRI!T158)," ") -> 5 | Y159: =IFERROR((ENTRI!U158)," ") -> 5 | Z159: =IFERROR((ENTRI!V158)," ") -> 5 | AA159: =IFERROR((ENTRI!W158)," ") -> 5 | AB159: =IFERROR((ENTRI!X158)," ") -> S1 | AC159: =IFERROR((ENTRI!Y158)," ") -> Manajemen Pendidikan Islam | AD159: =IFERROR((ENTRI!Z158)," ") -> 0 | AE159: =IFERROR((ENTRI!AA158)," ") -> 0 | ... AQ159: =IFERROR((ENTRI!AM158)," ") -> 0 | AR159: =E159&"."&H159&"."&AW159&"."&ENTRI!$E$4 -> 06.02.152.2025 | AS159: ="YPP.QH/KP.01."&E159&"/"&AW159&"/"&ENTRI!$E$4 -> YPP.QH/KP.01.06/152/2025 | AW159: 152
A160: =IF(B160=0," ",RANK(B160,$B$8:$B$178,1)) -> 137 | B160: =R160 -> 2021 | C160: 153 | D160: =IFERROR(IF(ENTRI!B159=$AZ$9,$BA$9,IF(ENTRI!B159=$AZ$10,$BA$10,IF(ENTRI!B159=$AZ$11,$BA$11,IF(ENTRI!B159=$AZ$12,$BA$12,IF(ENTRI!B159=$AZ$13,$BA$13,IF(ENTRI!B159=$AZ$14,$BA$14,IF(ENTRI!B159=$AZ$15,$BA$15,IF(ENTRI!B159=$AZ$16,$BA$16,IF(ENTRI!B159=$AZ$17,$BA$17,IF(ENTRI!B159=$AZ$18,$BA$18," "))))))))))," ") -> SMK Qomarul Hidayah 1 Tugu | E160: =IFERROR((ENTRI!C159)," ") -> 06 | F160: =A160 -> 137 | G160: =IFERROR((ENTRI!E159)," ") -> Guru | H160: =IFERROR((ENTRI!F159)," ") -> 01 | I160: =IFERROR((ENTRI!G159)," ") -> FEBRY DWI HENDRIARTO, S.Pd. | J160: =IFERROR((ENTRI!H159)," ") -> 19980218 202107 06 01 12 | K160: =IFERROR((ENTRI!I159)," ") -> Trenggalek | L160: =IFERROR((ENTRI!J159)," ") -> 18 | M160: =IFERROR((ENTRI!K159)," ") -> 02 | N160: =IFERROR((ENTRI!L159)," ") -> 1998 | O160: =K160&","&" "&L160&"-"&M160&"-"&N160 -> Trenggalek, 18-02-1998 | P160: =IFERROR((ENTRI!N159)," ") -> 12 | Q160: =IFERROR((ENTRI!O159)," ") -> 07 | R160: =IFERROR((ENTRI!P159)," ") -> 2021 | S160: =P160&"-"&Q160&"-"&R160 -> 12-07-2021 | T160: =IFERROR((ENTRI!Q159)," ") -> 12 | U160: =IFERROR((ENTRI!R159)," ") -> 07 | V160: =IFERROR((ENTRI!S159)," ") -> 2021 | W160: =T160&"-"&U160&"-"&V160 -> 12-07-2021 | X160: =IFERROR((ENTRI!T159)," ") -> 4 | Y160: =IFERROR((ENTRI!U159)," ") -> 4 | Z160: =IFERROR((ENTRI!V159)," ") -> 4 | AA160: =IFERROR((ENTRI!W159)," ") -> 4 | AB160: =IFERROR((ENTRI!X159)," ") -> S1 | AC160: =IFERROR((ENTRI!Y159)," ") -> Pendidikan Teknik Otomotif | AD160: =IFERROR((ENTRI!Z159)," ") -> 0 | AE160: =IFERROR((ENTRI!AA159)," ") -> 0 | ... AQ160: =IFERROR((ENTRI!AM159)," ") -> 0 | AR160: =E160&"."&H160&"."&AW160&"."&ENTRI!$E$4 -> 06.01.153.2025 | AS160: ="YPP.QH/KP.01."&E160&"/"&AW160&"/"&ENTRI!$E$4 -> YPP.QH/KP.01.06/153/2025 | AW160: 153
... A177: =IF(B177=0," ",RANK(B177,$B$8:$B$178,1)) -> 155 | B177: =R177 -> 2023 | C177: 170 | D177: =IFERROR(IF(ENTRI!B176=$AZ$9,$BA$9,IF(ENTRI!B176=$AZ$10,$BA$10,IF(ENTRI!B176=$AZ$11,$BA$11,IF(ENTRI!B176=$AZ$12,$BA$12,IF(ENTRI!B176=$AZ$13,$BA$13,IF(ENTRI!B176=$AZ$14,$BA$14,IF(ENTRI!B176=$AZ$15,$BA$15,IF(ENTRI!B176=$AZ$16,$BA$16,IF(ENTRI!B176=$AZ$17,$BA$17,IF(ENTRI!B176=$AZ$18,$BA$18," "))))))))))," ") -> SMK Qomarul Hidayah 2 Tugu | E177: =IFERROR((ENTRI!C176)," ") -> 07 | F177: =A177 -> 155 | G177: =IFERROR((ENTRI!E176)," ") -> Tenaga Kependidikan | H177: =IFERROR((ENTRI!F176)," ") -> 02 | I177: =IFERROR((ENTRI!G176)," ") -> DINI AF IDATUL KHASANAH | J177: =IFERROR((ENTRI!H176)," ") -> 20050129 202307 07 02 17 | K177: =IFERROR((ENTRI!I176)," ") -> Kumpul Mulyo | L177: =IFERROR((ENTRI!J176)," ") -> 29 | M177: =IFERROR((ENTRI!K176)," ") -> 01 | N177: =IFERROR((ENTRI!L176)," ") -> 2005 | O177: =K177&","&" "&L177&"-"&M177&"-"&N177 -> Kumpul Mulyo, 29-01-2005 | P177: =IFERROR((ENTRI!N176)," ") -> 17 | Q177: =IFERROR((ENTRI!O176)," ") -> 07 | R177: =IFERROR((ENTRI!P176)," ") -> 2023 | S177: =P177&"-"&Q177&"-"&R177 -> 17-07-2023 | T177: =IFERROR((ENTRI!Q176)," ") -> 17 | U177: =IFERROR((ENTRI!R176)," ") -> 07 | V177: =IFERROR((ENTRI!S176)," ") -> 2023 | W177: =T177&"-"&U177&"-"&V177 -> 17-07-2023 | X177: =IFERROR((ENTRI!T176)," ") -> 2 | Y177: =IFERROR((ENTRI!U176)," ") -> 2 | Z177: =IFERROR((ENTRI!V176)," ") -> 2 | AA177: =IFERROR((ENTRI!W176)," ") -> 2 | AB177: =IFERROR((ENTRI!X176)," ") -> SLTA | AC177: =IFERROR((ENTRI!Y176)," ") -> Otomatisasi dan Tata Kelola Perkantoran | AD177: =IFERROR((ENTRI!Z176)," ") -> 0 | AE177: =IFERROR((ENTRI!AA176)," ") -> 0 | ... AQ177: =IFERROR((ENTRI!AM176)," ") -> 0 | AR177: =E177&"."&H177&"."&AW177&"."&ENTRI!$E$4 -> 07.02.170.2025 | AS177: ="YPP.QH/KP.01."&E177&"/"&AW177&"/"&ENTRI!$E$4 -> YPP.QH/KP.01.07/170/2025 | AW177: 170
A178: =IF(B178=0," ",RANK(B178,$B$8:$B$180,1)) -> 171 | B178: =R178 -> 2025 | C178: 171 | D178: =IFERROR(IF(ENTRI!B177=$AZ$9,$BA$9,IF(ENTRI!B177=$AZ$10,$BA$10,IF(ENTRI!B177=$AZ$11,$BA$11,IF(ENTRI!B177=$AZ$12,$BA$12,IF(ENTRI!B177=$AZ$13,$BA$13,IF(ENTRI!B177=$AZ$14,$BA$14,IF(ENTRI!B177=$AZ$15,$BA$15,IF(ENTRI!B177=$AZ$16,$BA$16,IF(ENTRI!B177=$AZ$17,$BA$17,IF(ENTRI!B177=$AZ$18,$BA$18," "))))))))))," ") -> SMK Qomarul Hidayah 2 Tugu | E178: =IFERROR((ENTRI!C177)," ") -> 07 | F178: =A178 -> 171 | G178: =IFERROR((ENTRI!E177)," ") -> Guru | H178: =IFERROR((ENTRI!F177)," ") -> 01 | I178: =IFERROR((ENTRI!G177)," ") -> MUALIFATUL HIDAYAH, S.Pd. | J178: =IFERROR((ENTRI!H177)," ") -> 19950605 202507 07 01 14 | K178: =IFERROR((ENTRI!I177)," ") -> Trenggalek | L178: =IFERROR((ENTRI!J177)," ") -> 05 | M178: =IFERROR((ENTRI!K177)," ") -> 06 | N178: =IFERROR((ENTRI!L177)," ") -> 1995 | O178: =K178&","&" "&L178&"-"&M178&"-"&N178 -> Trenggalek, 05-06-1995 | P178: =IFERROR((ENTRI!N177)," ") -> 14 | Q178: =IFERROR((ENTRI!O177)," ") -> 07 | R178: =IFERROR((ENTRI!P177)," ") -> 2025 | S178: =P178&"-"&Q178&"-"&R178 -> 14-07-2025 | T178: =IFERROR((ENTRI!Q177)," ") -> 14 | U178: =IFERROR((ENTRI!R177)," ") -> 07 | V178: =IFERROR((ENTRI!S177)," ") -> 2025 | W178: =T178&"-"&U178&"-"&V178 -> 14-07-2025 | X178: =IFERROR((ENTRI!T177)," ") -> 0 | Y178: =IFERROR((ENTRI!U177)," ") -> 0 | Z178: =IFERROR((ENTRI!V177)," ") -> 0 | AA178: =IFERROR((ENTRI!W177)," ") -> 0 | AB178: =IFERROR((ENTRI!X177)," ") -> S1 | AC178: =IFERROR((ENTRI!Y177)," ") -> PENDIDIKAN AGAMA ISLAM | AD178: =IFERROR((ENTRI!Z177)," ") -> 0 | AE178: =IFERROR((ENTRI!AA177)," ") -> 0 | ... AQ178: =IFERROR((ENTRI!AM177)," ") -> 0 | AR178: =E178&"."&H178&"."&AW178&"."&ENTRI!$E$4 -> 07.01.171.2025 | AS178: ="YPP.QH/KP.01."&E178&"/"&AW178&"/"&ENTRI!$E$4 -> YPP.QH/KP.01.07/171/2025 | AW178: 171
A179: =IF(B179=0," ",RANK(B179,$B$8:$B$178,1)) | B179: =R179 -> 0 | C179: 172 | D179: =IFERROR(IF(ENTRI!B178=$AZ$9,$BA$9,IF(ENTRI!B178=$AZ$10,$BA$10,IF(ENTRI!B178=$AZ$11,$BA$11,IF(ENTRI!B178=$AZ$12,$BA$12,IF(ENTRI!B178=$AZ$13,$BA$13,IF(ENTRI!B178=$AZ$14,$BA$14,IF(ENTRI!B178=$AZ$15,$BA$15,IF(ENTRI!B178=$AZ$16,$BA$16,IF(ENTRI!B178=$AZ$17,$BA$17,IF(ENTRI!B178=$AZ$18,$BA$18," "))))))))))," ") -> 0 | E179: =IFERROR((ENTRI!C178)," ") -> 0 | F179: =A179 | G179: =IFERROR((ENTRI!E178)," ") -> 0 | H179: =IFERROR((ENTRI!F178)," ") -> 0 | I179: =IFERROR((ENTRI!G146)," ") -> INKA AYU KHOIRUN NISA, S.Pd | J179: =IFERROR((ENTRI!H178)," ") -> 0 | K179: =IFERROR((ENTRI!I178)," ") -> 0 | L179: =IFERROR((ENTRI!J178)," ") -> 0 | M179: =IFERROR((ENTRI!K178)," ") -> 0 | N179: =IFERROR((ENTRI!L178)," ") -> 0 | O179: =K179&","&" "&L179&"-"&M179&"-"&N179 -> 0, 0-0-0 | P179: =IFERROR((ENTRI!N178)," ") -> 0 | Q179: =IFERROR((ENTRI!O178)," ") -> 0 | R179: =IFERROR((ENTRI!P178)," ") -> 0 | S179: =P179&"-"&Q179&"-"&R179 -> 0-0-0 | T179: =IFERROR((ENTRI!Q178)," ") -> 0 | U179: =IFERROR((ENTRI!R178)," ") -> 0 | V179: =IFERROR((ENTRI!S178)," ") -> 0 | W179: =T179&"-"&U179&"-"&V179 -> 0-0-0 | X179: =IFERROR((ENTRI!T178)," ") -> 0 | Y179: =IFERROR((ENTRI!U178)," ") -> 0 | Z179: =IFERROR((ENTRI!V178)," ") -> 0 | AA179: =IFERROR((ENTRI!W178)," ") -> 0 | AB179: =IFERROR((ENTRI!X178)," ") -> 0 | AC179: =IFERROR((ENTRI!Y146)," ") -> PENDIDIKAN BAHASA DAN SASTRA INDONESIA | AD179: =IFERROR((ENTRI!Z178)," ") -> 0 | AE179: =IFERROR((ENTRI!AA178)," ") -> 0 | AF179: =IFERROR((ENTRI!AB178)," ") -> 0 | AG179: =IFERROR((ENTRI!AC178)," ") -> 0 | AH179: =IFERROR((ENTRI!AD178)," ") -> 0 | AI179: =IFERROR((ENTRI!AE178)," ") -> 0 | AJ179: =IFERROR((ENTRI!AF178)," ") -> 0 | AK179: =IFERROR((ENTRI!AG178)," ") -> 0 | ... AQ179: =IFERROR((ENTRI!AM178)," ") -> 0 | AR179: =E179&"."&H179&"."&AW179&"."&ENTRI!$E$4 -> 0.0.172.2025 | AS179: ="YPP.QH/KP.01."&E179&"/"&AW179&"/"&ENTRI!$E$4 -> YPP.QH/KP.01.0/172/2025 | AW179: 172
A180: =IF(B180=0," ",RANK(B180,$B$8:$B$178,1)) | B180: =R180 -> 0 | C180: 173 | D180: =IFERROR(IF(ENTRI!B179=$AZ$9,$BA$9,IF(ENTRI!B179=$AZ$10,$BA$10,IF(ENTRI!B179=$AZ$11,$BA$11,IF(ENTRI!B179=$AZ$12,$BA$12,IF(ENTRI!B179=$AZ$13,$BA$13,IF(ENTRI!B179=$AZ$14,$BA$14,IF(ENTRI!B179=$AZ$15,$BA$15,IF(ENTRI!B179=$AZ$16,$BA$16,IF(ENTRI!B179=$AZ$17,$BA$17,IF(ENTRI!B179=$AZ$18,$BA$18," "))))))))))," ") -> 0 | E180: =IFERROR((ENTRI!C179)," ") | F180: =A180 | G180: =IFERROR((ENTRI!E179)," ") -> Guru | H180: =IFERROR((ENTRI!F179)," ") -> 01 | I180: =IFERROR((ENTRI!G179)," ") -> 0 | J180: =IFERROR((ENTRI!H179)," ") -> 01 | K180: =IFERROR((ENTRI!I179)," ") -> 0 | L180: =IFERROR((ENTRI!J179)," ") -> 0 | M180: =IFERROR((ENTRI!K179)," ") -> 0 | N180: =IFERROR((ENTRI!L179)," ") -> 0 | O180: =K180&","&" "&L180&"-"&M180&"-"&N180 -> 0, 0-0-0 | P180: =IFERROR((ENTRI!N179)," ") -> 0 | Q180: =IFERROR((ENTRI!O179)," ") -> 0 | R180: =IFERROR((ENTRI!P179)," ") -> 0 | S180: =P180&"-"&Q180&"-"&R180 -> 0-0-0 | T180: =IFERROR((ENTRI!Q179)," ") -> 0 | U180: =IFERROR((ENTRI!R179)," ") -> 0 | V180: =IFERROR((ENTRI!S179)," ") -> 0 | W180: =T180&"-"&U180&"-"&V180 -> 0-0-0 | X180: =IFERROR((ENTRI!T179)," ") -> 2025 | Y180: =IFERROR((ENTRI!U179)," ") -> 2025 | Z180: =IFERROR((ENTRI!V179)," ") | AA180: =IFERROR((ENTRI!W179)," ") | AB180: =IFERROR((ENTRI!X179)," ") -> 0 | AC180: =IFERROR((ENTRI!Y179)," ") -> 0 | AD180: =IFERROR((ENTRI!Z179)," ") -> 0 | AE180: =IFERROR((ENTRI!AA179)," ") -> 0 | ... AQ180: =IFERROR((ENTRI!AM179)," ") -> 0 | AR180: =E180&"."&H180&"."&AW180&"."&ENTRI!$E$4 -> .01.173.2025 | AS180: ="YPP.QH/KP.01."&E180&"/"&AW180&"/"&ENTRI!$E$4 -> YPP.QH/KP.01. /173/2025 | AW180: 173
A181: =IF(B181=0," ",RANK(B181,$B$8:$B$178,1)) | B181: =R181 -> 0 | C181: 174 | D181: =IFERROR(IF(ENTRI!B180=$AZ$9,$BA$9,IF(ENTRI!B180=$AZ$10,$BA$10,IF(ENTRI!B180=$AZ$11,$BA$11,IF(ENTRI!B180=$AZ$12,$BA$12,IF(ENTRI!B180=$AZ$13,$BA$13,IF(ENTRI!B180=$AZ$14,$BA$14,IF(ENTRI!B180=$AZ$15,$BA$15,IF(ENTRI!B180=$AZ$16,$BA$16,IF(ENTRI!B180=$AZ$17,$BA$17,IF(ENTRI!B180=$AZ$18,$BA$18," "))))))))))," ") -> 0 | E181: =IFERROR((ENTRI!C180)," ") | F181: =A181 | G181: =IFERROR((ENTRI!E180)," ") -> Guru | H181: =IFERROR((ENTRI!F180)," ") -> 01 | I181: =IFERROR((ENTRI!G180)," ") -> 0 | J181: =IFERROR((ENTRI!H180)," ") -> 01 | K181: =IFERROR((ENTRI!I180)," ") -> 0 | L181: =IFERROR((ENTRI!J180)," ") -> 0 | M181: =IFERROR((ENTRI!K180)," ") -> 0 | N181: =IFERROR((ENTRI!L180)," ") -> 0 | O181: =K181&","&" "&L181&"-"&M181&"-"&N181 -> 0, 0-0-0 | P181: =IFERROR((ENTRI!N180)," ") -> 0 | Q181: =IFERROR((ENTRI!O180)," ") -> 0 | R181: =IFERROR((ENTRI!P180)," ") -> 0 | S181: =P181&"-"&Q181&"-"&R181 -> 0-0-0 | T181: =IFERROR((ENTRI!Q180)," ") -> 0 | U181: =IFERROR((ENTRI!R180)," ") -> 0 | V181: =IFERROR((ENTRI!S180)," ") -> 0 | W181: =T181&"-"&U181&"-"&V181 -> 0-0-0 | X181: =IFERROR((ENTRI!T180)," ") -> 2025 | Y181: =IFERROR((ENTRI!U180)," ") -> 2025 | Z181: =IFERROR((ENTRI!V180)," ") | AA181: =IFERROR((ENTRI!W180)," ") | AB181: =IFERROR((ENTRI!X180)," ") -> 0 | AC181: =IFERROR((ENTRI!Y180)," ") -> 0 | AD181: =IFERROR((ENTRI!Z180)," ") -> 0 | AE181: =IFERROR((ENTRI!AA180)," ") -> 0 | ... AQ181: =IFERROR((ENTRI!AM180)," ") -> 0 | AR181: =E181&"."&H181&"."&AW181&"."&ENTRI!$E$4 -> .01.174.2025 | AS181: ="YPP.QH/KP.01."&E181&"/"&AW181&"/"&ENTRI!$E$4 -> YPP.QH/KP.01. /174/2025 | AW181: 174

Sheet SK 
C1: YAYASAN PONDOK PESANTREN QOMARUL HIDAYAH | O1: Klik tanda panah kebawah dan cari nama tendik yang akan dicetak SK nya
C2: AKTE NOTARIS: KAYUN WIDIHARSONO,S.H,M.Kn NOMOR: 09 TAHUN 2014
C3: SK MENKUMHAM RI NOMOR: C-598.HT.03.01-2014 | O3: 113
A7: SURAT KEPUTUSAN
A8: YAYASAN PONDOK PESANTREN QOMARUL HIDAYAH
A9: GONDANG TUGU TRENGGALEK
E10: Nomor : | F10: =IFERROR(VLOOKUP($O$3,REKAP!$C$8:$AS$180,43,FALSE)," ") -> YPP.QH/KP.01.06/113/2025
A12: Yayasan Pondok Pesantren Qomarul Hidayah :
A14: Mengingat | B14: : | C14: Bahwa untuk mencukupi Tenaga Pengajar / Tenaga Administrasi pada Yayasan Pondok Pesantren Qomarul Hidayah Tugu Trenggalek perlu mengangkat Guru dan tenaga Kependidikan
A15: Menimbang | B15: :1 . | C15: Undang - undang Nomor 16 tahun 2001 tentang Yayasan
B16: 2 . | C16: Undang - undang nomor 17 tahun 2013 tentang organisasi kemasyarakatan
B17: 3 . | C17: Surat Keputusan Menteri Pendidikan dan Kebudayaan Republik Indonesia No.0374/U/1982 tanggal 22 Nopember 1982, tentang Pembinaan Sekolah Swasta
B18: 4 . | C18: Undang-Undang Nomor 20 Tahun 2003 tentang sistem Pendidikan Nasional
A19: Memperhatikan | B19: : | C19: Peraturan Menteri Negara Pendayagunaan Aparatur Negara dan Reformasi Birokrasi Nomor PER/16/M.PAN-RB/11/2009 tanggal 10 November 2009 Tentang Jabatan Fungsional Guru dan Angka Kreditnya.
A21: MEMUTUSKAN
A22: Menetapkan
A23: Pertama | B23: : | C23: Terhitung Mulai tanggal | F23: =ENTRI!B4&" "&ENTRI!D4&" "&ENTRI!E4 -> 14 Juli 2025 | I23: mengangkat :
B24: Nama | F24: : | G24: =VLOOKUP($O$3,REKAP!$C$8:$AS$178,7,FALSE) -> AHMAD GHIYATSIDDIN, S.Pd.
B25: NIGY | F25: : | G25: 19911002 202202 06 01 20
B26: Tempat/Tanggal lahir | F26: : | G26: =VLOOKUP($O$3,REKAP!$C$8:$AS$178,13,FALSE) -> Trenggalek, 25-07-1997
B27: Pendidikan/Jurusan | F27: : | G27: =VLOOKUP($O$3,REKAP!$C$8:$AS$178,26,FALSE)&"/"&VLOOKUP($O$3,REKAP!$C$8:$AS$178,27,FALSE) -> S1/PENDIDIKAN AGAMA ISLAM
B28: Jabatan | F28: : | G28: Guru | T28: =IF(G28="Guru","1","0") -> 1
B29: Di angkat kembali sebagai | F29: : | G29: =IF(T28="1","Guru Tetap Yayasan","Pegawai Tetap Yayasan") -> Guru Tetap Yayasan | J29: Satuan Kerja | L29: SMK Qomarul Hidayah 1
B30: TMT diangkat Tendik | F30: : | G30: =VLOOKUP($O$3,REKAP!$C$8:$AS$200,17,FALSE) -> 18-07-2017
B31: TMT di Satker | F31: : | G31: =VLOOKUP($O$3,REKAP!$C$8:$AS$200,21,FALSE) -> 18-07-2017
B32: Masa kerja seluruhnya | F32: : | G32: =VLOOKUP($O$3,REKAP!$C$8:$AS$178,24,FALSE) -> 8 | H32: Tahun
A34: Kedua | B34: : | C34: Yang bersangkutan diberikan honorarium sesuai ketentuan Yayasan Pondok Pesantren Qomarul Hidayah.
A35: Ketiga | B35: : | C35: Surat Keputusan ini berlaku sejak tanggal ditetapkan sampai akhir tahun pelajaran berikutnya dan apabila dikemudian terdapat kekeliruan akan diadakan perbaikan sebagaimana mestinya.
A36: Keempat | B36: : | C36: Asli Surat Keputusan ini diberikan kepada yang bersangkutan untuk dipergunakan sebagaimana mestinya.
H38: Ditetapkan di | J38: : | K38: Trenggalek
H39: Pada Tanggal | J39: : | K39: =F23 -> 14 Juli 2025
H40: Ketua Yayasan
H44: Hj. ZUMROTUN NASIHAH | X44: 1. Kepala Kantor Kementerian Agama Kab. Trenggalek
A45: Tembusan disampaikan kepada : | X45: 1. Kepala Dinas Pendidikan Pemuda dan Olah Raga Kab. Trenggalek
A46: 1. Kepala Dinas Pendidikan Pemuda dan Olah Raga Kab. Trenggalek
A47: 2. Sdr. Kepala Bidang Keuangan YPP. Qomarul Hidayah Tugu Trenggalek
A48: 3. Sdr. Kepala Bidang Personalia dan SDM YPP. Qomarul Hidayah
A49: 4. Sdr. Kepala Satuan Kerja | D49: =L29 -> SMK Qomarul Hidayah 1
A50: 5. Arsip
K51: Reg. | L51: =VLOOKUP($O$3,REKAP!$C$8:$AS$178,42,FALSE) -> 06.01.113.2025
